date,description,amount
2024-02-28,Affiliate commission,916.67
2024-03-28,Affiliate commission,916.67
2024-04-28,Affiliate commission,916.67
2024-05-28,Affiliate commission,916.67
2024-06-28,Affiliate commission,916.67
2024-07-28,Affiliate commission,916.67
2024-08-28,Affiliate commission,916.67
2024-09-28,Affiliate commission,916.67
2024-10-28,Affiliate commission,916.67
2024-11-28,Affiliate commission,916.67
2024-12-28,Affiliate commission,916.67
2025-01-28,Affiliate commission,916.67
2025-02-28,Affiliate commission,1000.0
2025-03-28,Affiliate commission,1000.0
2025-04-28,Affiliate commission,1000.0
2025-05-28,Affiliate commission,1000.0
2025-06-28,Affiliate commission,1000.0
2025-07-28,Affiliate commission,1000.0
2025-08-28,Affiliate commission,1000.0
2025-09-28,Affiliate commission,1000.0
2025-10-28,Affiliate commission,1000.0
2025-11-28,Affiliate commission,1000.0
2025-12-28,Affiliate commission,1000.0
2026-01-28,Affiliate commission,1000.0
2025-09-19,Consultancy fee: padel club fit-out advice,60000
