product_line,age_0_3m,age_3_6m,age_6_12m,age_over_12m,provision_held
Padel rackets,242894.74,130789.47,59130.43,160000.0,0
Tennis rackets,194315.79,104631.58,29565.22,53333.33,0
Badminton rackets,97157.89,52315.79,14782.61,26666.67,0
Squash rackets,48578.95,26157.89,14782.61,26666.67,0
Strings,48578.95,26157.89,7391.3,13333.33,0
Shoes,97157.89,52315.79,14782.61,40000.0,0
Bags,48578.95,26157.89,7391.3,13333.33,0
Balls and shuttles,72868.42,39236.84,7391.3,5333.33,0
Apparel,72868.43,39236.85,14782.62,21333.34,0
