month,period,Revenue,Cost of sales,Supplier rebates,Other income,Staff costs,Warehouse rent,Delivery,Marketing,Other overheads,EBITDA
2024-02,Prior year,796153.85,-463361.54,20769.23,0.0,-65454.67,-17500.0,-47873.08,-28183.85,-97056.41,97493.53
2024-03,Prior year,530769.23,-308907.69,13846.15,0.0,-65454.67,-17500.0,-31915.38,-18789.23,-97056.41,4992.0
2024-04,Prior year,265384.62,-154453.85,6923.08,0.0,-65454.67,-17500.0,-15957.69,-9394.62,-97056.41,-87509.54
2024-05,Prior year,176923.08,-102969.23,4615.38,0.0,-65454.67,-17500.0,-10638.46,-6263.08,-97056.41,-118343.39
2024-06,Prior year,176923.08,-102969.23,4615.38,0.0,-65454.67,-17500.0,-10638.46,-6263.08,-97056.41,-118343.39
2024-07,Prior year,265384.62,-154453.85,6923.08,0.0,-65454.67,-17500.0,-15957.69,-9394.62,-97056.41,-87509.54
2024-08,Prior year,1061538.46,-617815.38,27692.31,0.0,-65454.67,-17500.0,-63830.77,-37578.46,-97056.41,189995.08
2024-09,Prior year,1150000.0,-669300.0,30000.0,0.0,-65454.67,-17500.0,-69150.0,-40710.0,-97056.41,220828.92
2024-10,Prior year,1061538.46,-617815.38,27692.31,0.0,-65454.67,-17500.0,-63830.77,-37578.46,-97056.41,189995.08
2024-11,Prior year,973076.92,-566330.77,25384.62,0.0,-65454.67,-17500.0,-58511.54,-34446.92,-97056.41,159161.23
2024-12,Prior year,884615.38,-514846.15,23076.92,0.0,-65454.67,-17500.0,-53192.31,-31315.38,-97056.41,128327.38
2025-01,Prior year,1503846.15,-875238.47,39230.77,0.0,-65454.63,-17500.0,-90426.93,-53236.15,-97056.41,344164.33
2025-02,Last 12 months,828000.0,-481896.0,21600.0,0.0,-65454.67,-17500.0,-49788.0,-29311.2,-100938.67,104711.46
2025-03,Last 12 months,552000.0,-321264.0,14400.0,0.0,-65454.67,-17500.0,-33192.0,-19540.8,-100938.67,8509.86
2025-04,Last 12 months,276000.0,-160632.0,7200.0,0.0,-65454.67,-17500.0,-16596.0,-9770.4,-100938.67,-87691.74
2025-05,Last 12 months,184000.0,-107088.0,4800.0,0.0,-65454.67,-17500.0,-11064.0,-6513.6,-100938.67,-119758.94
2025-06,Last 12 months,184000.0,-107088.0,4800.0,0.0,-65454.67,-17500.0,-11064.0,-6513.6,-100938.67,-119758.94
2025-07,Last 12 months,276000.0,-160632.0,7200.0,0.0,-65454.67,-17500.0,-16596.0,-9770.4,-100938.67,-87691.74
2025-08,Last 12 months,1104000.0,-642528.0,28800.0,0.0,-65454.67,-17500.0,-66384.0,-39081.6,-100938.67,200913.06
2025-09,Last 12 months,1196000.0,-696072.0,31200.0,0.0,-65454.67,-17500.0,-71916.0,-42338.4,-100938.67,232980.26
2025-10,Last 12 months,1104000.0,-642528.0,28800.0,0.0,-65454.67,-17500.0,-66384.0,-39081.6,-100938.67,200913.06
2025-11,Last 12 months,1012000.0,-588984.0,26400.0,0.0,-65454.67,-17500.0,-60852.0,-35824.8,-100938.67,168845.86
2025-12,Last 12 months,920000.0,-535440.0,24000.0,0.0,-65454.67,-17500.0,-55320.0,-32568.0,-100938.67,136778.66
2026-01,Last 12 months,1564000.0,-910248.0,40800.0,0.0,-65454.63,-17500.0,-94044.0,-55365.6,-100938.63,361249.14
