scenario,channel,line,period,month,value
Budget,Website,Orders,1,Feb-25,42473.13
Budget,Website,Orders,2,Mar-25,49551.99
Budget,Website,Orders,3,Apr-25,49551.99
Budget,Website,Orders,4,May-25,60343.88
Budget,Website,Orders,5,Jun-25,64366.8
Budget,Website,Orders,6,Jul-25,68389.73
Budget,Website,Orders,7,Aug-25,72412.65
Budget,Website,Orders,8,Sep-25,64366.8
Budget,Website,Orders,9,Oct-25,60343.88
Budget,Website,Orders,10,Nov-25,77867.41
Budget,Website,Orders,11,Dec-25,81406.84
Budget,Website,Orders,12,Jan-26,63709.7
Budget,Website,Gross sales,1,Feb-25,2633334.23
Budget,Website,Gross sales,2,Mar-25,3072223.27
Budget,Website,Gross sales,3,Apr-25,3072223.27
Budget,Website,Gross sales,4,May-25,3741320.39
Budget,Website,Gross sales,5,Jun-25,3990741.75
Budget,Website,Gross sales,6,Jul-25,4240163.11
Budget,Website,Gross sales,7,Aug-25,4489584.47
Budget,Website,Gross sales,8,Sep-25,3990741.75
Budget,Website,Gross sales,9,Oct-25,3741320.39
Budget,Website,Gross sales,10,Nov-25,4827779.43
Budget,Website,Gross sales,11,Dec-25,5047223.95
Budget,Website,Gross sales,12,Jan-26,3950001.35
Budget,Website,Returns,1,Feb-25,-742600.25
Budget,Website,Returns,2,Mar-25,-866366.96
Budget,Website,Returns,3,Apr-25,-866366.96
Budget,Website,Returns,4,May-25,-1055052.35
Budget,Website,Returns,5,Jun-25,-1125389.17
Budget,Website,Returns,6,Jul-25,-1195726.0
Budget,Website,Returns,7,Aug-25,-1266062.82
Budget,Website,Returns,8,Sep-25,-1125389.17
Budget,Website,Returns,9,Oct-25,-1055052.35
Budget,Website,Returns,10,Nov-25,-1361433.8
Budget,Website,Returns,11,Dec-25,-1423317.15
Budget,Website,Returns,12,Jan-26,-1113900.38
Budget,Website,Cost of goods sold,1,Feb-25,-924568.92
Budget,Website,Cost of goods sold,2,Mar-25,-1078663.74
Budget,Website,Cost of goods sold,3,Apr-25,-1078663.74
Budget,Website,Cost of goods sold,4,May-25,-1313585.07
Budget,Website,Cost of goods sold,5,Jun-25,-1401157.41
Budget,Website,Cost of goods sold,6,Jul-25,-1488729.75
Budget,Website,Cost of goods sold,7,Aug-25,-1576302.09
Budget,Website,Cost of goods sold,8,Sep-25,-1401157.41
Budget,Website,Cost of goods sold,9,Oct-25,-1313585.07
Budget,Website,Cost of goods sold,10,Nov-25,-1695043.01
Budget,Website,Cost of goods sold,11,Dec-25,-1772090.42
Budget,Website,Cost of goods sold,12,Jan-26,-1386853.37
Budget,Website,Delivery,1,Feb-25,-178387.16
Budget,Website,Delivery,2,Mar-25,-208118.35
Budget,Website,Delivery,3,Apr-25,-208118.35
Budget,Website,Delivery,4,May-25,-253444.28
Budget,Website,Delivery,5,Jun-25,-270340.57
Budget,Website,Delivery,6,Jul-25,-287236.86
Budget,Website,Delivery,7,Aug-25,-304133.14
Budget,Website,Delivery,8,Sep-25,-270340.57
Budget,Website,Delivery,9,Oct-25,-253444.28
Budget,Website,Delivery,10,Nov-25,-327043.12
Budget,Website,Delivery,11,Dec-25,-341908.72
Budget,Website,Delivery,12,Jan-26,-267580.74
Budget,Website,Marketplace fees,1,Feb-25,0
Budget,Website,Marketplace fees,2,Mar-25,0
Budget,Website,Marketplace fees,3,Apr-25,0
Budget,Website,Marketplace fees,4,May-25,0
Budget,Website,Marketplace fees,5,Jun-25,0
Budget,Website,Marketplace fees,6,Jul-25,0
Budget,Website,Marketplace fees,7,Aug-25,0
Budget,Website,Marketplace fees,8,Sep-25,0
Budget,Website,Marketplace fees,9,Oct-25,0
Budget,Website,Marketplace fees,10,Nov-25,0
Budget,Website,Marketplace fees,11,Dec-25,0
Budget,Website,Marketplace fees,12,Jan-26,0
Budget,Website,Marketing,1,Feb-25,-189073.4
Budget,Website,Marketing,2,Mar-25,-220585.63
Budget,Website,Marketing,3,Apr-25,-220585.63
Budget,Website,Marketing,4,May-25,-268626.8
Budget,Website,Marketing,5,Jun-25,-286535.26
Budget,Website,Marketing,6,Jul-25,-304443.71
Budget,Website,Marketing,7,Aug-25,-322352.16
Budget,Website,Marketing,8,Sep-25,-286535.26
Budget,Website,Marketing,9,Oct-25,-268626.8
Budget,Website,Marketing,10,Nov-25,-346634.56
Budget,Website,Marketing,11,Dec-25,-362390.68
Budget,Website,Marketing,12,Jan-26,-283610.1
Budget,Marketplace,Orders,1,Feb-25,25079.37
Budget,Marketplace,Orders,2,Mar-25,29259.27
Budget,Marketplace,Orders,3,Apr-25,29259.27
Budget,Marketplace,Orders,4,May-25,35631.62
Budget,Marketplace,Orders,5,Jun-25,38007.06
Budget,Marketplace,Orders,6,Jul-25,40382.51
Budget,Marketplace,Orders,7,Aug-25,42757.95
Budget,Marketplace,Orders,8,Sep-25,38007.06
Budget,Marketplace,Orders,9,Oct-25,35631.62
Budget,Marketplace,Orders,10,Nov-25,45978.85
Budget,Marketplace,Orders,11,Dec-25,48068.8
Budget,Marketplace,Orders,12,Jan-26,37619.06
Budget,Marketplace,Gross sales,1,Feb-25,1128571.81
Budget,Marketplace,Gross sales,2,Mar-25,1316667.12
Budget,Marketplace,Gross sales,3,Apr-25,1316667.12
Budget,Marketplace,Gross sales,4,May-25,1603423.03
Budget,Marketplace,Gross sales,5,Jun-25,1710317.89
Budget,Marketplace,Gross sales,6,Jul-25,1817212.76
Budget,Marketplace,Gross sales,7,Aug-25,1924107.63
Budget,Marketplace,Gross sales,8,Sep-25,1710317.89
Budget,Marketplace,Gross sales,9,Oct-25,1603423.03
Budget,Marketplace,Gross sales,10,Nov-25,2069048.33
Budget,Marketplace,Gross sales,11,Dec-25,2163095.98
Budget,Marketplace,Gross sales,12,Jan-26,1692857.72
Budget,Marketplace,Returns,1,Feb-25,-318257.25
Budget,Marketplace,Returns,2,Mar-25,-371300.13
Budget,Marketplace,Returns,3,Apr-25,-371300.13
Budget,Marketplace,Returns,4,May-25,-452165.29
Budget,Marketplace,Returns,5,Jun-25,-482309.65
Budget,Marketplace,Returns,6,Jul-25,-512454.0
Budget,Marketplace,Returns,7,Aug-25,-542598.35
Budget,Marketplace,Returns,8,Sep-25,-482309.65
Budget,Marketplace,Returns,9,Oct-25,-452165.29
Budget,Marketplace,Returns,10,Nov-25,-583471.63
Budget,Marketplace,Returns,11,Dec-25,-609993.07
Budget,Marketplace,Returns,12,Jan-26,-477385.88
Budget,Marketplace,Cost of goods sold,1,Feb-25,-396243.82
Budget,Marketplace,Cost of goods sold,2,Mar-25,-462284.46
Budget,Marketplace,Cost of goods sold,3,Apr-25,-462284.46
Budget,Marketplace,Cost of goods sold,4,May-25,-562965.03
Budget,Marketplace,Cost of goods sold,5,Jun-25,-600496.03
Budget,Marketplace,Cost of goods sold,6,Jul-25,-638027.04
Budget,Marketplace,Cost of goods sold,7,Aug-25,-675558.04
Budget,Marketplace,Cost of goods sold,8,Sep-25,-600496.03
Budget,Marketplace,Cost of goods sold,9,Oct-25,-562965.03
Budget,Marketplace,Cost of goods sold,10,Nov-25,-726447.01
Budget,Marketplace,Cost of goods sold,11,Dec-25,-759467.32
Budget,Marketplace,Cost of goods sold,12,Jan-26,-594365.73
Budget,Marketplace,Delivery,1,Feb-25,-105333.37
Budget,Marketplace,Delivery,2,Mar-25,-122888.93
Budget,Marketplace,Delivery,3,Apr-25,-122888.93
Budget,Marketplace,Delivery,4,May-25,-149652.82
Budget,Marketplace,Delivery,5,Jun-25,-159629.67
Budget,Marketplace,Delivery,6,Jul-25,-169606.52
Budget,Marketplace,Delivery,7,Aug-25,-179583.38
Budget,Marketplace,Delivery,8,Sep-25,-159629.67
Budget,Marketplace,Delivery,9,Oct-25,-149652.82
Budget,Marketplace,Delivery,10,Nov-25,-193111.18
Budget,Marketplace,Delivery,11,Dec-25,-201888.96
Budget,Marketplace,Delivery,12,Jan-26,-158000.05
Budget,Marketplace,Marketplace fees,1,Feb-25,-121547.18
Budget,Marketplace,Marketplace fees,2,Mar-25,-141805.05
Budget,Marketplace,Marketplace fees,3,Apr-25,-141805.05
Budget,Marketplace,Marketplace fees,4,May-25,-172688.66
Budget,Marketplace,Marketplace fees,5,Jun-25,-184201.24
Budget,Marketplace,Marketplace fees,6,Jul-25,-195713.81
Budget,Marketplace,Marketplace fees,7,Aug-25,-207226.39
Budget,Marketplace,Marketplace fees,8,Sep-25,-184201.24
Budget,Marketplace,Marketplace fees,9,Oct-25,-172688.66
Budget,Marketplace,Marketplace fees,10,Nov-25,-222836.5
Budget,Marketplace,Marketplace fees,11,Dec-25,-232965.44
Budget,Marketplace,Marketplace fees,12,Jan-26,-182320.78
Budget,Marketplace,Marketing,1,Feb-25,0
Budget,Marketplace,Marketing,2,Mar-25,0
Budget,Marketplace,Marketing,3,Apr-25,0
Budget,Marketplace,Marketing,4,May-25,0
Budget,Marketplace,Marketing,5,Jun-25,0
Budget,Marketplace,Marketing,6,Jul-25,0
Budget,Marketplace,Marketing,7,Aug-25,0
Budget,Marketplace,Marketing,8,Sep-25,0
Budget,Marketplace,Marketing,9,Oct-25,0
Budget,Marketplace,Marketing,10,Nov-25,0
Budget,Marketplace,Marketing,11,Dec-25,0
Budget,Marketplace,Marketing,12,Jan-26,0
Budget,Central,Payroll,1,Feb-25,-527369.57
Budget,Central,Payroll,2,Mar-25,-540064.5
Budget,Central,Payroll,3,Apr-25,-540064.5
Budget,Central,Payroll,4,May-25,-559418.23
Budget,Central,Payroll,5,Jun-25,-566632.78
Budget,Central,Payroll,6,Jul-25,-573847.32
Budget,Central,Payroll,7,Aug-25,-581061.87
Budget,Central,Payroll,8,Sep-25,-566632.78
Budget,Central,Payroll,9,Oct-25,-559418.23
Budget,Central,Payroll,10,Nov-25,-590844.21
Budget,Central,Payroll,11,Dec-25,-597191.67
Budget,Central,Payroll,12,Jan-26,-565454.35
Budget,Central,Other overheads,1,Feb-25,-300000
Budget,Central,Other overheads,2,Mar-25,-300000
Budget,Central,Other overheads,3,Apr-25,-300000
Budget,Central,Other overheads,4,May-25,-300000
Budget,Central,Other overheads,5,Jun-25,-300000
Budget,Central,Other overheads,6,Jul-25,-300000
Budget,Central,Other overheads,7,Aug-25,-300000
Budget,Central,Other overheads,8,Sep-25,-300000
Budget,Central,Other overheads,9,Oct-25,-300000
Budget,Central,Other overheads,10,Nov-25,-300000
Budget,Central,Other overheads,11,Dec-25,-300000
Budget,Central,Other overheads,12,Jan-26,-300000
Budget,Central,Depreciation,1,Feb-25,-60000
Budget,Central,Depreciation,2,Mar-25,-60000
Budget,Central,Depreciation,3,Apr-25,-60000
Budget,Central,Depreciation,4,May-25,-60000
Budget,Central,Depreciation,5,Jun-25,-60000
Budget,Central,Depreciation,6,Jul-25,-60000
Budget,Central,Depreciation,7,Aug-25,-60000
Budget,Central,Depreciation,8,Sep-25,-60000
Budget,Central,Depreciation,9,Oct-25,-60000
Budget,Central,Depreciation,10,Nov-25,-60000
Budget,Central,Depreciation,11,Dec-25,-60000
Budget,Central,Depreciation,12,Jan-26,-60000
Actual,Website,Orders,1,Feb-25,43576.42
Actual,Website,Orders,2,Mar-25,48025.5
Actual,Website,Orders,3,Apr-25,49564.72
Actual,Website,Orders,4,May-25,57184.42
Actual,Website,Orders,5,Jun-25,68776.58
Actual,Website,Orders,6,Jul-25,66980.52
Actual,Website,Orders,7,Aug-25,71982.81
Actual,Website,Orders,8,Sep-25,62419.42
Actual,Website,Orders,9,Oct-25,56313.68
Actual,Website,Orders,10,Nov-25,70380.44
Actual,Website,Orders,11,Dec-25,74863.6
Actual,Website,Orders,12,Jan-26,65732.5
Actual,Website,Gross sales,1,Feb-25,2723464.05
Actual,Website,Gross sales,2,Mar-25,2955062.48
Actual,Website,Gross sales,3,Apr-25,3032172.75
Actual,Website,Gross sales,4,May-25,3565687.46
Actual,Website,Gross sales,5,Jun-25,4251791.35
Actual,Website,Gross sales,6,Jul-25,4197492.62
Actual,Website,Gross sales,7,Aug-25,4458264.29
Actual,Website,Gross sales,8,Sep-25,3846684.66
Actual,Website,Gross sales,9,Oct-25,3495832.96
Actual,Website,Gross sales,10,Nov-25,4362471.26
Actual,Website,Gross sales,11,Dec-25,4627449.12
Actual,Website,Gross sales,12,Jan-26,4037830.69
Actual,Website,Returns,1,Feb-25,-741088.37
Actual,Website,Returns,2,Mar-25,-837202.52
Actual,Website,Returns,3,Apr-25,-856395.24
Actual,Website,Returns,4,May-25,-994871.73
Actual,Website,Returns,5,Jun-25,-1227833.59
Actual,Website,Returns,6,Jul-25,-1177621.8
Actual,Website,Returns,7,Aug-25,-1252071.94
Actual,Website,Returns,8,Sep-25,-1101769.72
Actual,Website,Returns,9,Oct-25,-984834.62
Actual,Website,Returns,10,Nov-25,-1232044.04
Actual,Website,Returns,11,Dec-25,-1286194.97
Actual,Website,Returns,12,Jan-26,-1116770.83
Actual,Website,Cost of goods sold,1,Feb-25,-970548.68
Actual,Website,Cost of goods sold,2,Mar-25,-1046072.78
Actual,Website,Cost of goods sold,3,Apr-25,-1051967.37
Actual,Website,Cost of goods sold,4,May-25,-1271370.64
Actual,Website,Cost of goods sold,5,Jun-25,-1524153.76
Actual,Website,Cost of goods sold,6,Jul-25,-1463823.64
Actual,Website,Cost of goods sold,7,Aug-25,-1579652.75
Actual,Website,Cost of goods sold,8,Sep-25,-1333547.01
Actual,Website,Cost of goods sold,9,Oct-25,-1217410.59
Actual,Website,Cost of goods sold,10,Nov-25,-1524282.0
Actual,Website,Cost of goods sold,11,Dec-25,-1644341.53
Actual,Website,Cost of goods sold,12,Jan-26,-1541713.47
Actual,Website,Delivery,1,Feb-25,-185100.53
Actual,Website,Delivery,2,Mar-25,-200865.83
Actual,Website,Delivery,3,Apr-25,-214059.1
Actual,Website,Delivery,4,May-25,-241078.86
Actual,Website,Delivery,5,Jun-25,-286567.94
Actual,Website,Delivery,6,Jul-25,-287583.1
Actual,Website,Delivery,7,Aug-25,-296942.42
Actual,Website,Delivery,8,Sep-25,-293628.29
Actual,Website,Delivery,9,Oct-25,-270312.71
Actual,Website,Delivery,10,Nov-25,-340926.93
Actual,Website,Delivery,11,Dec-25,-347111.79
Actual,Website,Delivery,12,Jan-26,-325703.51
Actual,Website,Marketplace fees,1,Feb-25,0
Actual,Website,Marketplace fees,2,Mar-25,0
Actual,Website,Marketplace fees,3,Apr-25,0
Actual,Website,Marketplace fees,4,May-25,0
Actual,Website,Marketplace fees,5,Jun-25,0
Actual,Website,Marketplace fees,6,Jul-25,0
Actual,Website,Marketplace fees,7,Aug-25,0
Actual,Website,Marketplace fees,8,Sep-25,0
Actual,Website,Marketplace fees,9,Oct-25,0
Actual,Website,Marketplace fees,10,Nov-25,0
Actual,Website,Marketplace fees,11,Dec-25,0
Actual,Website,Marketplace fees,12,Jan-26,0
Actual,Website,Marketing,1,Feb-25,-191497.25
Actual,Website,Marketing,2,Mar-25,-209356.13
Actual,Website,Marketing,3,Apr-25,-228400.05
Actual,Website,Marketing,4,May-25,-274570.48
Actual,Website,Marketing,5,Jun-25,-286243.19
Actual,Website,Marketing,6,Jul-25,-294460.56
Actual,Website,Marketing,7,Aug-25,-326932.18
Actual,Website,Marketing,8,Sep-25,-274895.91
Actual,Website,Marketing,9,Oct-25,-264511.41
Actual,Website,Marketing,10,Nov-25,-439431.7
Actual,Website,Marketing,11,Dec-25,-363269.86
Actual,Website,Marketing,12,Jan-26,-272835.72
Actual,Marketplace,Orders,1,Feb-25,24154.9
Actual,Marketplace,Orders,2,Mar-25,27451.68
Actual,Marketplace,Orders,3,Apr-25,28597.8
Actual,Marketplace,Orders,4,May-25,35553.38
Actual,Marketplace,Orders,5,Jun-25,46968.2
Actual,Marketplace,Orders,6,Jul-25,48027.49
Actual,Marketplace,Orders,7,Aug-25,49907.29
Actual,Marketplace,Orders,8,Sep-25,43600.85
Actual,Marketplace,Orders,9,Oct-25,43988.28
Actual,Marketplace,Orders,10,Nov-25,53121.82
Actual,Marketplace,Orders,11,Dec-25,58604.42
Actual,Marketplace,Orders,12,Jan-26,47018.55
Actual,Marketplace,Gross sales,1,Feb-25,1083032.5
Actual,Marketplace,Gross sales,2,Mar-25,1238719.1
Actual,Marketplace,Gross sales,3,Apr-25,1272506.58
Actual,Marketplace,Gross sales,4,May-25,1618311.62
Actual,Marketplace,Gross sales,5,Jun-25,2091624.39
Actual,Marketplace,Gross sales,6,Jul-25,2135860.02
Actual,Marketplace,Gross sales,7,Aug-25,2246897.58
Actual,Marketplace,Gross sales,8,Sep-25,1973374.12
Actual,Marketplace,Gross sales,9,Oct-25,1997008.28
Actual,Marketplace,Gross sales,10,Nov-25,2360882.2
Actual,Marketplace,Gross sales,11,Dec-25,2627702.75
Actual,Marketplace,Gross sales,12,Jan-26,2104630.74
Actual,Marketplace,Returns,1,Feb-25,-303171.92
Actual,Marketplace,Returns,2,Mar-25,-344597.39
Actual,Marketplace,Returns,3,Apr-25,-351371.55
Actual,Marketplace,Returns,4,May-25,-441265.18
Actual,Marketplace,Returns,5,Jun-25,-580353.22
Actual,Marketplace,Returns,6,Jul-25,-575830.62
Actual,Marketplace,Returns,7,Aug-25,-632262.14
Actual,Marketplace,Returns,8,Sep-25,-556694.83
Actual,Marketplace,Returns,9,Oct-25,-563345.33
Actual,Marketplace,Returns,10,Nov-25,-671535.79
Actual,Marketplace,Returns,11,Dec-25,-739707.63
Actual,Marketplace,Returns,12,Jan-26,-589087.79
Actual,Marketplace,Cost of goods sold,1,Feb-25,-383693.81
Actual,Marketplace,Cost of goods sold,2,Mar-25,-436006.19
Actual,Marketplace,Cost of goods sold,3,Apr-25,-449272.0
Actual,Marketplace,Cost of goods sold,4,May-25,-576198.68
Actual,Marketplace,Cost of goods sold,5,Jun-25,-726695.69
Actual,Marketplace,Cost of goods sold,6,Jul-25,-758138.73
Actual,Marketplace,Cost of goods sold,7,Aug-25,-782010.26
Actual,Marketplace,Cost of goods sold,8,Sep-25,-692745.85
Actual,Marketplace,Cost of goods sold,9,Oct-25,-693072.76
Actual,Marketplace,Cost of goods sold,10,Nov-25,-821248.35
Actual,Marketplace,Cost of goods sold,11,Dec-25,-927224.89
Actual,Marketplace,Cost of goods sold,12,Jan-26,-801797.74
Actual,Marketplace,Delivery,1,Feb-25,-102187.99
Actual,Marketplace,Delivery,2,Mar-25,-115225.65
Actual,Marketplace,Delivery,3,Apr-25,-114703.1
Actual,Marketplace,Delivery,4,May-25,-150683.14
Actual,Marketplace,Delivery,5,Jun-25,-202182.99
Actual,Marketplace,Delivery,6,Jul-25,-209307.83
Actual,Marketplace,Delivery,7,Aug-25,-215322.54
Actual,Marketplace,Delivery,8,Sep-25,-196777.99
Actual,Marketplace,Delivery,9,Oct-25,-207041.57
Actual,Marketplace,Delivery,10,Nov-25,-242462.63
Actual,Marketplace,Delivery,11,Dec-25,-276918.03
Actual,Marketplace,Delivery,12,Jan-26,-216109.76
Actual,Marketplace,Marketplace fees,1,Feb-25,-116979.09
Actual,Marketplace,Marketplace fees,2,Mar-25,-134118.26
Actual,Marketplace,Marketplace fees,3,Apr-25,-138170.25
Actual,Marketplace,Marketplace fees,4,May-25,-176556.97
Actual,Marketplace,Marketplace fees,5,Jun-25,-226690.67
Actual,Marketplace,Marketplace fees,6,Jul-25,-234004.41
Actual,Marketplace,Marketplace fees,7,Aug-25,-242195.31
Actual,Marketplace,Marketplace fees,8,Sep-25,-212501.89
Actual,Marketplace,Marketplace fees,9,Oct-25,-215049.44
Actual,Marketplace,Marketplace fees,10,Nov-25,-253401.96
Actual,Marketplace,Marketplace fees,11,Dec-25,-283199.27
Actual,Marketplace,Marketplace fees,12,Jan-26,-227331.44
Actual,Marketplace,Marketing,1,Feb-25,-0.0
Actual,Marketplace,Marketing,2,Mar-25,-0.0
Actual,Marketplace,Marketing,3,Apr-25,-0.0
Actual,Marketplace,Marketing,4,May-25,-0.0
Actual,Marketplace,Marketing,5,Jun-25,-0.0
Actual,Marketplace,Marketing,6,Jul-25,-0.0
Actual,Marketplace,Marketing,7,Aug-25,-0.0
Actual,Marketplace,Marketing,8,Sep-25,-0.0
Actual,Marketplace,Marketing,9,Oct-25,-0.0
Actual,Marketplace,Marketing,10,Nov-25,-0.0
Actual,Marketplace,Marketing,11,Dec-25,-0.0
Actual,Marketplace,Marketing,12,Jan-26,-0.0
Actual,Central,Payroll,1,Feb-25,-531032.89
Actual,Central,Payroll,2,Mar-25,-522471.9
Actual,Central,Payroll,3,Apr-25,-537186.84
Actual,Central,Payroll,4,May-25,-567536.56
Actual,Central,Payroll,5,Jun-25,-570302.91
Actual,Central,Payroll,6,Jul-25,-564102.69
Actual,Central,Payroll,7,Aug-25,-581545.21
Actual,Central,Payroll,8,Sep-25,-567987.11
Actual,Central,Payroll,9,Oct-25,-573208.81
Actual,Central,Payroll,10,Nov-25,-602309.34
Actual,Central,Payroll,11,Dec-25,-605034.97
Actual,Central,Payroll,12,Jan-26,-567938.51
Actual,Central,Other overheads,1,Feb-25,-287562.74
Actual,Central,Other overheads,2,Mar-25,-316370.64
Actual,Central,Other overheads,3,Apr-25,-314153.42
Actual,Central,Other overheads,4,May-25,-302313.78
Actual,Central,Other overheads,5,Jun-25,-295207.86
Actual,Central,Other overheads,6,Jul-25,-309015.12
Actual,Central,Other overheads,7,Aug-25,-297193.01
Actual,Central,Other overheads,8,Sep-25,-305420.93
Actual,Central,Other overheads,9,Oct-25,-314823.14
Actual,Central,Other overheads,10,Nov-25,-295057.96
Actual,Central,Other overheads,11,Dec-25,-302347.42
Actual,Central,Other overheads,12,Jan-26,-293471.88
Actual,Central,Depreciation,1,Feb-25,-60000
Actual,Central,Depreciation,2,Mar-25,-60000
Actual,Central,Depreciation,3,Apr-25,-60000
Actual,Central,Depreciation,4,May-25,-60000
Actual,Central,Depreciation,5,Jun-25,-60000
Actual,Central,Depreciation,6,Jul-25,-60000
Actual,Central,Depreciation,7,Aug-25,-60000
Actual,Central,Depreciation,8,Sep-25,-60000
Actual,Central,Depreciation,9,Oct-25,-60000
Actual,Central,Depreciation,10,Nov-25,-60000
Actual,Central,Depreciation,11,Dec-25,-60000
Actual,Central,Depreciation,12,Jan-26,-60000
Prior year,Website,Orders,1,Feb-25,37386.18
Prior year,Website,Orders,2,Mar-25,44328.91
Prior year,Website,Orders,3,Apr-25,42884.64
Prior year,Website,Orders,4,May-25,52021.65
Prior year,Website,Orders,5,Jun-25,57091.71
Prior year,Website,Orders,6,Jul-25,61987.84
Prior year,Website,Orders,7,Aug-25,64836.99
Prior year,Website,Orders,8,Sep-25,59024.41
Prior year,Website,Orders,9,Oct-25,56292.98
Prior year,Website,Orders,10,Nov-25,68416.06
Prior year,Website,Orders,11,Dec-25,74417.35
Prior year,Website,Orders,12,Jan-26,58940.45
Prior year,Website,Gross sales,1,Feb-25,2314905.07
Prior year,Website,Gross sales,2,Mar-25,2759125.24
Prior year,Website,Gross sales,3,Apr-25,2672136.34
Prior year,Website,Gross sales,4,May-25,3214761.2
Prior year,Website,Gross sales,5,Jun-25,3563441.31
Prior year,Website,Gross sales,6,Jul-25,3888179.64
Prior year,Website,Gross sales,7,Aug-25,4022181.49
Prior year,Website,Gross sales,8,Sep-25,3749599.97
Prior year,Website,Gross sales,9,Oct-25,3447999.09
Prior year,Website,Gross sales,10,Nov-25,4218642.21
Prior year,Website,Gross sales,11,Dec-25,4651471.53
Prior year,Website,Gross sales,12,Jan-26,3648041.55
Prior year,Website,Returns,1,Feb-25,-644726.91
Prior year,Website,Returns,2,Mar-25,-781770.1
Prior year,Website,Returns,3,Apr-25,-761472.03
Prior year,Website,Returns,4,May-25,-866526.52
Prior year,Website,Returns,5,Jun-25,-998703.85
Prior year,Website,Returns,6,Jul-25,-1100274.17
Prior year,Website,Returns,7,Aug-25,-1144617.03
Prior year,Website,Returns,8,Sep-25,-1076913.44
Prior year,Website,Returns,9,Oct-25,-987918.86
Prior year,Website,Returns,10,Nov-25,-1215486.31
Prior year,Website,Returns,11,Dec-25,-1308352.85
Prior year,Website,Returns,12,Jan-26,-1016444.8
Prior year,Website,Cost of goods sold,1,Feb-25,-808992.82
Prior year,Website,Cost of goods sold,2,Mar-25,-968066.74
Prior year,Website,Cost of goods sold,3,Apr-25,-923160.66
Prior year,Website,Cost of goods sold,4,May-25,-1150773.39
Prior year,Website,Cost of goods sold,5,Jun-25,-1252022.27
Prior year,Website,Cost of goods sold,6,Jul-25,-1374638.83
Prior year,Website,Cost of goods sold,7,Aug-25,-1426800.44
Prior year,Website,Cost of goods sold,8,Sep-25,-1317582.81
Prior year,Website,Cost of goods sold,9,Oct-25,-1205191.71
Prior year,Website,Cost of goods sold,10,Nov-25,-1456421.89
Prior year,Website,Cost of goods sold,11,Dec-25,-1617860.71
Prior year,Website,Cost of goods sold,12,Jan-26,-1303130.71
Prior year,Website,Delivery,1,Feb-25,-156504.25
Prior year,Website,Delivery,2,Mar-25,-179344.7
Prior year,Website,Delivery,3,Apr-25,-181478.51
Prior year,Website,Delivery,4,May-25,-222989.87
Prior year,Website,Delivery,5,Jun-25,-238295.69
Prior year,Website,Delivery,6,Jul-25,-255820.36
Prior year,Website,Delivery,7,Aug-25,-276583.03
Prior year,Website,Delivery,8,Sep-25,-240640.19
Prior year,Website,Delivery,9,Oct-25,-239789.96
Prior year,Website,Delivery,10,Nov-25,-280354.08
Prior year,Website,Delivery,11,Dec-25,-316483.55
Prior year,Website,Delivery,12,Jan-26,-247001.82
Prior year,Website,Marketplace fees,1,Feb-25,0
Prior year,Website,Marketplace fees,2,Mar-25,0
Prior year,Website,Marketplace fees,3,Apr-25,0
Prior year,Website,Marketplace fees,4,May-25,0
Prior year,Website,Marketplace fees,5,Jun-25,0
Prior year,Website,Marketplace fees,6,Jul-25,0
Prior year,Website,Marketplace fees,7,Aug-25,0
Prior year,Website,Marketplace fees,8,Sep-25,0
Prior year,Website,Marketplace fees,9,Oct-25,0
Prior year,Website,Marketplace fees,10,Nov-25,0
Prior year,Website,Marketplace fees,11,Dec-25,0
Prior year,Website,Marketplace fees,12,Jan-26,0
Prior year,Website,Marketing,1,Feb-25,-170121.79
Prior year,Website,Marketing,2,Mar-25,-197340.93
Prior year,Website,Marketing,3,Apr-25,-198335.28
Prior year,Website,Marketing,4,May-25,-256156.26
Prior year,Website,Marketing,5,Jun-25,-267240.34
Prior year,Website,Marketing,6,Jul-25,-278252.97
Prior year,Website,Marketing,7,Aug-25,-277439.18
Prior year,Website,Marketing,8,Sep-25,-267953.92
Prior year,Website,Marketing,9,Oct-25,-252050.12
Prior year,Website,Marketing,10,Nov-25,-310915.21
Prior year,Website,Marketing,11,Dec-25,-334048.75
Prior year,Website,Marketing,12,Jan-26,-252947.09
Prior year,Marketplace,Orders,1,Feb-25,22243.19
Prior year,Marketplace,Orders,2,Mar-25,26579.73
Prior year,Marketplace,Orders,3,Apr-25,26957.05
Prior year,Marketplace,Orders,4,May-25,33223.14
Prior year,Marketplace,Orders,5,Jun-25,35356.26
Prior year,Marketplace,Orders,6,Jul-25,35860.47
Prior year,Marketplace,Orders,7,Aug-25,37693.0
Prior year,Marketplace,Orders,8,Sep-25,36347.63
Prior year,Marketplace,Orders,9,Oct-25,31533.53
Prior year,Marketplace,Orders,10,Nov-25,42277.5
Prior year,Marketplace,Orders,11,Dec-25,42614.32
Prior year,Marketplace,Orders,12,Jan-26,35105.76
Prior year,Marketplace,Gross sales,1,Feb-25,992265.67
Prior year,Marketplace,Gross sales,2,Mar-25,1200388.49
Prior year,Marketplace,Gross sales,3,Apr-25,1213595.97
Prior year,Marketplace,Gross sales,4,May-25,1489616.05
Prior year,Marketplace,Gross sales,5,Jun-25,1584715.61
Prior year,Marketplace,Gross sales,6,Jul-25,1584167.85
Prior year,Marketplace,Gross sales,7,Aug-25,1717898.48
Prior year,Marketplace,Gross sales,8,Sep-25,1628041.36
Prior year,Marketplace,Gross sales,9,Oct-25,1415607.2
Prior year,Marketplace,Gross sales,10,Nov-25,1909159.31
Prior year,Marketplace,Gross sales,11,Dec-25,1909163.97
Prior year,Marketplace,Gross sales,12,Jan-26,1593755.74
Prior year,Marketplace,Returns,1,Feb-25,-278234.91
Prior year,Marketplace,Returns,2,Mar-25,-327609.91
Prior year,Marketplace,Returns,3,Apr-25,-345310.88
Prior year,Marketplace,Returns,4,May-25,-421964.52
Prior year,Marketplace,Returns,5,Jun-25,-448781.85
Prior year,Marketplace,Returns,6,Jul-25,-439227.77
Prior year,Marketplace,Returns,7,Aug-25,-482714.1
Prior year,Marketplace,Returns,8,Sep-25,-469109.94
Prior year,Marketplace,Returns,9,Oct-25,-388698.6
Prior year,Marketplace,Returns,10,Nov-25,-529995.3
Prior year,Marketplace,Returns,11,Dec-25,-533114.51
Prior year,Marketplace,Returns,12,Jan-26,-439619.85
Prior year,Marketplace,Cost of goods sold,1,Feb-25,-343794.2
Prior year,Marketplace,Cost of goods sold,2,Mar-25,-422856.46
Prior year,Marketplace,Cost of goods sold,3,Apr-25,-424335.37
Prior year,Marketplace,Cost of goods sold,4,May-25,-527818.54
Prior year,Marketplace,Cost of goods sold,5,Jun-25,-550524.85
Prior year,Marketplace,Cost of goods sold,6,Jul-25,-569315.6
Prior year,Marketplace,Cost of goods sold,7,Aug-25,-603586.62
Prior year,Marketplace,Cost of goods sold,8,Sep-25,-561210.33
Prior year,Marketplace,Cost of goods sold,9,Oct-25,-504609.81
Prior year,Marketplace,Cost of goods sold,10,Nov-25,-668083.67
Prior year,Marketplace,Cost of goods sold,11,Dec-25,-670178.84
Prior year,Marketplace,Cost of goods sold,12,Jan-26,-573533.83
Prior year,Marketplace,Delivery,1,Feb-25,-93007.27
Prior year,Marketplace,Delivery,2,Mar-25,-112021.76
Prior year,Marketplace,Delivery,3,Apr-25,-112054.92
Prior year,Marketplace,Delivery,4,May-25,-137363.75
Prior year,Marketplace,Delivery,5,Jun-25,-154540.58
Prior year,Marketplace,Delivery,6,Jul-25,-145015.11
Prior year,Marketplace,Delivery,7,Aug-25,-157428.42
Prior year,Marketplace,Delivery,8,Sep-25,-149894.14
Prior year,Marketplace,Delivery,9,Oct-25,-135237.38
Prior year,Marketplace,Delivery,10,Nov-25,-177086.54
Prior year,Marketplace,Delivery,11,Dec-25,-176763.9
Prior year,Marketplace,Delivery,12,Jan-26,-146245.22
Prior year,Marketplace,Marketplace fees,1,Feb-25,-107104.61
Prior year,Marketplace,Marketplace fees,2,Mar-25,-130916.79
Prior year,Marketplace,Marketplace fees,3,Apr-25,-130242.76
Prior year,Marketplace,Marketplace fees,4,May-25,-160147.73
Prior year,Marketplace,Marketplace fees,5,Jun-25,-170390.06
Prior year,Marketplace,Marketplace fees,6,Jul-25,-171741.01
Prior year,Marketplace,Marketplace fees,7,Aug-25,-185277.66
Prior year,Marketplace,Marketplace fees,8,Sep-25,-173839.71
Prior year,Marketplace,Marketplace fees,9,Oct-25,-154036.29
Prior year,Marketplace,Marketplace fees,10,Nov-25,-206874.6
Prior year,Marketplace,Marketplace fees,11,Dec-25,-206407.42
Prior year,Marketplace,Marketplace fees,12,Jan-26,-173120.38
Prior year,Marketplace,Marketing,1,Feb-25,-0.0
Prior year,Marketplace,Marketing,2,Mar-25,-0.0
Prior year,Marketplace,Marketing,3,Apr-25,-0.0
Prior year,Marketplace,Marketing,4,May-25,-0.0
Prior year,Marketplace,Marketing,5,Jun-25,-0.0
Prior year,Marketplace,Marketing,6,Jul-25,-0.0
Prior year,Marketplace,Marketing,7,Aug-25,-0.0
Prior year,Marketplace,Marketing,8,Sep-25,-0.0
Prior year,Marketplace,Marketing,9,Oct-25,-0.0
Prior year,Marketplace,Marketing,10,Nov-25,-0.0
Prior year,Marketplace,Marketing,11,Dec-25,-0.0
Prior year,Marketplace,Marketing,12,Jan-26,-0.0
Prior year,Central,Payroll,1,Feb-25,-479299.84
Prior year,Central,Payroll,2,Mar-25,-495129.05
Prior year,Central,Payroll,3,Apr-25,-496833.32
Prior year,Central,Payroll,4,May-25,-509460.34
Prior year,Central,Payroll,5,Jun-25,-509126.62
Prior year,Central,Payroll,6,Jul-25,-522491.12
Prior year,Central,Payroll,7,Aug-25,-520705.22
Prior year,Central,Payroll,8,Sep-25,-532170.81
Prior year,Central,Payroll,9,Oct-25,-496423.14
Prior year,Central,Payroll,10,Nov-25,-528576.1
Prior year,Central,Payroll,11,Dec-25,-531746.03
Prior year,Central,Payroll,12,Jan-26,-510397.23
Prior year,Central,Other overheads,1,Feb-25,-313992.44
Prior year,Central,Other overheads,2,Mar-25,-296529.44
Prior year,Central,Other overheads,3,Apr-25,-298377.33
Prior year,Central,Other overheads,4,May-25,-316913.35
Prior year,Central,Other overheads,5,Jun-25,-300298.63
Prior year,Central,Other overheads,6,Jul-25,-289515.54
Prior year,Central,Other overheads,7,Aug-25,-299005.44
Prior year,Central,Other overheads,8,Sep-25,-298478.28
Prior year,Central,Other overheads,9,Oct-25,-313405.39
Prior year,Central,Other overheads,10,Nov-25,-298146.12
Prior year,Central,Other overheads,11,Dec-25,-317777.46
Prior year,Central,Other overheads,12,Jan-26,-296631.18
Prior year,Central,Depreciation,1,Feb-25,-60000
Prior year,Central,Depreciation,2,Mar-25,-60000
Prior year,Central,Depreciation,3,Apr-25,-60000
Prior year,Central,Depreciation,4,May-25,-60000
Prior year,Central,Depreciation,5,Jun-25,-60000
Prior year,Central,Depreciation,6,Jul-25,-60000
Prior year,Central,Depreciation,7,Aug-25,-60000
Prior year,Central,Depreciation,8,Sep-25,-60000
Prior year,Central,Depreciation,9,Oct-25,-60000
Prior year,Central,Depreciation,10,Nov-25,-60000
Prior year,Central,Depreciation,11,Dec-25,-60000
Prior year,Central,Depreciation,12,Jan-26,-60000
Actual,Central,Inventory,0,Opening,11411841.48
Actual,Central,Inventory,1,Feb-25,11475657.83
Actual,Central,Inventory,2,Mar-25,11545498.27
Actual,Central,Inventory,3,Apr-25,11616241.6
Actual,Central,Inventory,4,May-25,11703305.14
Actual,Central,Inventory,5,Jun-25,11809372.57
Actual,Central,Inventory,6,Jul-25,11914078.74
Actual,Central,Inventory,7,Aug-25,12025368.07
Actual,Central,Inventory,8,Sep-25,12120853.65
Actual,Central,Inventory,9,Oct-25,12210881.9
Actual,Central,Inventory,10,Nov-25,12321411.01
Actual,Central,Inventory,11,Dec-25,12442591.67
Actual,Central,Inventory,12,Jan-26,12553025.62
Actual,Central,Trade payables,0,Opening,6861616.29
Actual,Central,Trade payables,1,Feb-25,6926744.36
Actual,Central,Trade payables,2,Mar-25,6956213.9
Actual,Central,Trade payables,3,Apr-25,7005917.22
Actual,Central,Trade payables,4,May-25,7060545.53
Actual,Central,Trade payables,5,Jun-25,7205476.15
Actual,Central,Trade payables,6,Jul-25,7295352.69
Actual,Central,Trade payables,7,Aug-25,7402450.12
Actual,Central,Trade payables,8,Sep-25,7450134.97
Actual,Central,Trade payables,9,Oct-25,7515012.93
Actual,Central,Trade payables,10,Nov-25,7586467.52
Actual,Central,Trade payables,11,Dec-25,7678128.26
Actual,Central,Trade payables,12,Jan-26,7829054.04
Actual,Central,Capex,1,Feb-25,-70000
Actual,Central,Capex,2,Mar-25,-70000
Actual,Central,Capex,3,Apr-25,-70000
Actual,Central,Capex,4,May-25,-70000
Actual,Central,Capex,5,Jun-25,-70000
Actual,Central,Capex,6,Jul-25,-70000
Actual,Central,Capex,7,Aug-25,-70000
Actual,Central,Capex,8,Sep-25,-70000
Actual,Central,Capex,9,Oct-25,-70000
Actual,Central,Capex,10,Nov-25,-70000
Actual,Central,Capex,11,Dec-25,-70000
Actual,Central,Capex,12,Jan-26,-70000
Actual,Central,Tax paid,1,Feb-25,0
Actual,Central,Tax paid,2,Mar-25,0
Actual,Central,Tax paid,3,Apr-25,0
Actual,Central,Tax paid,4,May-25,0
Actual,Central,Tax paid,5,Jun-25,0
Actual,Central,Tax paid,6,Jul-25,0
Actual,Central,Tax paid,7,Aug-25,0
Actual,Central,Tax paid,8,Sep-25,0
Actual,Central,Tax paid,9,Oct-25,0
Actual,Central,Tax paid,10,Nov-25,-525126.24
Actual,Central,Tax paid,11,Dec-25,0
Actual,Central,Tax paid,12,Jan-26,0
