line_id,settlement_id,date,orders,gross_sales,refunds,fees
1,S-0001,2023-02-01,665,29950.67,8730.88,3182.97
2,S-0001,2023-02-02,665,29950.67,8730.88,3182.97
3,S-0001,2023-02-03,700,31527.02,9190.4,3350.49
4,S-0001,2023-02-04,700,31527.02,9190.4,3350.49
5,S-0001,2023-02-05,805,36256.07,10568.96,3853.07
6,S-0001,2023-02-06,770,34679.72,10109.44,3685.54
7,S-0001,2023-02-07,665,29950.67,8730.88,3182.97
8,S-0001,2023-02-08,665,29950.67,8730.88,3182.97
9,S-0001,2023-02-09,665,29950.67,8730.88,3182.97
10,S-0001,2023-02-10,700,31527.02,9190.4,3350.49
11,S-0001,2023-02-11,700,31527.02,9190.4,3350.49
12,S-0001,2023-02-12,805,36256.07,10568.96,3853.07
13,S-0001,2023-02-13,770,34679.72,10109.44,3685.54
14,S-0001,2023-02-14,665,29950.67,8730.88,3182.97
15,S-0002,2023-02-15,665,29950.67,8730.88,3182.97
16,S-0002,2023-02-16,665,29950.67,8730.88,3182.97
17,S-0002,2023-02-17,700,31527.02,9190.4,3350.49
18,S-0002,2023-02-18,700,31527.02,9190.4,3350.49
19,S-0002,2023-02-19,805,36256.07,10568.96,3853.07
20,S-0002,2023-02-20,770,34679.72,10109.44,3685.54
21,S-0002,2023-02-21,665,29950.67,8730.88,3182.97
22,S-0002,2023-02-22,665,29950.67,8730.88,3182.97
23,S-0002,2023-02-23,665,29950.67,8730.88,3182.97
24,S-0002,2023-02-24,700,31527.02,9190.4,3350.49
25,S-0002,2023-02-25,700,31527.02,9190.4,3350.49
26,S-0002,2023-02-26,805,36256.07,10568.96,3853.07
27,S-0002,2023-02-27,770,34679.72,10109.44,3685.54
28,S-0002,2023-02-28,665,29950.59,8730.81,3182.97
29,S-0003,2023-03-01,741,32475.96,9170.98,3495.75
30,S-0003,2023-03-02,741,32475.96,9170.98,3495.75
31,S-0003,2023-03-03,780,34185.22,9653.67,3679.73
32,S-0003,2023-03-04,780,34185.22,9653.67,3679.73
33,S-0003,2023-03-05,897,39313.0,11101.72,4231.69
34,S-0003,2023-03-06,858,37603.74,10619.03,4047.71
35,S-0003,2023-03-07,741,32475.96,9170.98,3495.75
36,S-0003,2023-03-08,741,32475.96,9170.98,3495.75
37,S-0003,2023-03-09,741,32475.96,9170.98,3495.75
38,S-0003,2023-03-10,780,34185.22,9653.67,3679.73
39,S-0003,2023-03-11,780,34185.22,9653.67,3679.73
40,S-0003,2023-03-12,897,39313.0,11101.72,4231.69
41,S-0003,2023-03-13,858,37603.74,10619.03,4047.71
42,S-0003,2023-03-14,741,32475.96,9170.98,3495.75
43,S-0004,2023-03-15,741,32475.96,9170.98,3495.75
44,S-0004,2023-03-16,741,32475.96,9170.98,3495.75
45,S-0004,2023-03-17,780,34185.22,9653.67,3679.73
46,S-0004,2023-03-18,780,34185.22,9653.67,3679.73
47,S-0004,2023-03-19,897,39313.0,11101.72,4231.69
48,S-0004,2023-03-20,858,37603.74,10619.03,4047.71
49,S-0004,2023-03-21,741,32475.96,9170.98,3495.75
50,S-0004,2023-03-22,741,32475.96,9170.98,3495.75
51,S-0004,2023-03-23,741,32475.96,9170.98,3495.75
52,S-0004,2023-03-24,780,34185.22,9653.67,3679.73
53,S-0004,2023-03-25,780,34185.22,9653.67,3679.73
54,S-0004,2023-03-26,897,39313.0,11101.72,4231.69
55,S-0004,2023-03-27,858,37603.74,10619.03,4047.71
56,S-0004,2023-03-28,741,32475.96,9170.98,3495.75
57,S-0005,2023-03-29,741,32475.96,9170.98,3495.75
58,S-0005,2023-03-30,741,32475.96,9170.98,3495.75
59,S-0005,2023-03-31,780,34185.28,9653.69,3679.71
60,S-0005,2023-04-01,805,35059.87,10417.49,3696.36
61,S-0005,2023-04-02,925,40318.85,11980.11,4250.81
62,S-0005,2023-04-03,885,38565.86,11459.24,4065.99
63,S-0005,2023-04-04,764,33306.88,9896.61,3511.54
64,S-0005,2023-04-05,764,33306.88,9896.61,3511.54
65,S-0005,2023-04-06,764,33306.88,9896.61,3511.54
66,S-0005,2023-04-07,805,35059.87,10417.49,3696.36
67,S-0005,2023-04-08,805,35059.87,10417.49,3696.36
68,S-0005,2023-04-09,925,40318.85,11980.11,4250.81
69,S-0005,2023-04-10,885,38565.86,11459.24,4065.99
70,S-0005,2023-04-11,764,33306.88,9896.61,3511.54
71,S-0006,2023-04-12,764,33306.88,9896.61,3511.54
72,S-0006,2023-04-13,764,33306.88,9896.61,3511.54
73,S-0006,2023-04-14,805,35059.87,10417.49,3696.36
74,S-0006,2023-04-15,805,35059.87,10417.49,3696.36
75,S-0006,2023-04-16,925,40318.85,11980.11,4250.81
76,S-0006,2023-04-17,885,38565.86,11459.24,4065.99
77,S-0006,2023-04-18,764,33306.88,9896.61,3511.54
78,S-0006,2023-04-19,764,33306.88,9896.61,3511.54
79,S-0006,2023-04-20,764,33306.88,9896.61,3511.54
80,S-0006,2023-04-21,805,35059.87,10417.49,3696.36
81,S-0006,2023-04-22,805,35059.87,10417.49,3696.36
82,S-0006,2023-04-23,925,40318.85,11980.11,4250.81
83,S-0006,2023-04-24,885,38565.86,11459.24,4065.99
84,S-0006,2023-04-25,764,33306.88,9896.61,3511.54
85,S-0007,2023-04-26,764,33306.88,9896.61,3511.54
86,S-0007,2023-04-27,764,33306.88,9896.61,3511.54
87,S-0007,2023-04-28,805,35059.87,10417.49,3696.36
88,S-0007,2023-04-29,805,35059.87,10417.49,3696.36
89,S-0007,2023-04-30,925,40318.84,11980.15,4250.8
90,S-0007,2023-05-01,1076,45915.44,13165.41,4912.5
91,S-0007,2023-05-02,929,39654.24,11370.13,4242.62
92,S-0007,2023-05-03,929,39654.24,11370.13,4242.62
93,S-0007,2023-05-04,929,39654.24,11370.13,4242.62
94,S-0007,2023-05-05,978,41741.31,11968.56,4465.91
95,S-0007,2023-05-06,978,41741.31,11968.56,4465.91
96,S-0007,2023-05-07,1125,48002.5,13763.84,5135.8
97,S-0007,2023-05-08,1076,45915.44,13165.41,4912.5
98,S-0007,2023-05-09,929,39654.24,11370.13,4242.62
99,S-0008,2023-05-10,929,39654.24,11370.13,4242.62
100,S-0008,2023-05-11,929,39654.24,11370.13,4242.62
101,S-0008,2023-05-12,978,41741.31,11968.56,4465.91
102,S-0008,2023-05-13,978,41741.31,11968.56,4465.91
103,S-0008,2023-05-14,1125,48002.5,13763.84,5135.8
104,S-0008,2023-05-15,1076,45915.44,13165.41,4912.5
105,S-0008,2023-05-16,929,39654.24,11370.13,4242.62
106,S-0008,2023-05-17,929,39654.24,11370.13,4242.62
107,S-0008,2023-05-18,929,39654.24,11370.13,4242.62
108,S-0008,2023-05-19,978,41741.31,11968.56,4465.91
109,S-0008,2023-05-20,978,41741.31,11968.56,4465.91
110,S-0008,2023-05-21,1125,48002.5,13763.84,5135.8
111,S-0008,2023-05-22,1076,45915.44,13165.41,4912.5
112,S-0008,2023-05-23,929,39654.24,11370.13,4242.62
113,S-0009,2023-05-24,929,39654.24,11370.13,4242.62
114,S-0009,2023-05-25,929,39654.24,11370.13,4242.62
115,S-0009,2023-05-26,978,41741.31,11968.56,4465.91
116,S-0009,2023-05-27,978,41741.31,11968.56,4465.91
117,S-0009,2023-05-28,1125,48002.5,13763.84,5135.8
118,S-0009,2023-05-29,1076,45915.44,13165.41,4912.5
119,S-0009,2023-05-30,929,39654.24,11370.13,4242.62
120,S-0009,2023-05-31,929,39654.25,11370.17,4242.6
121,S-0009,2023-06-01,1001,44997.33,12913.07,4812.64
122,S-0009,2023-06-02,1054,47365.61,13592.7,5065.94
123,S-0009,2023-06-03,1054,47365.61,13592.7,5065.94
124,S-0009,2023-06-04,1212,54470.45,15631.61,5825.83
125,S-0009,2023-06-05,1159,52102.17,14951.97,5572.53
126,S-0009,2023-06-06,1001,44997.33,12913.07,4812.64
127,S-0010,2023-06-07,1001,44997.33,12913.07,4812.64
128,S-0010,2023-06-08,1001,44997.33,12913.07,4812.64
129,S-0010,2023-06-09,1054,47365.61,13592.7,5065.94
130,S-0010,2023-06-10,1054,47365.61,13592.7,5065.94
131,S-0010,2023-06-11,1212,54470.45,15631.61,5825.83
132,S-0010,2023-06-12,1159,52102.17,14951.97,5572.53
133,S-0010,2023-06-13,1001,44997.33,12913.07,4812.64
134,S-0010,2023-06-14,1001,44997.33,12913.07,4812.64
135,S-0010,2023-06-15,1001,44997.33,12913.07,4812.64
136,S-0010,2023-06-16,1054,47365.61,13592.7,5065.94
137,S-0010,2023-06-17,1054,47365.61,13592.7,5065.94
138,S-0010,2023-06-18,1212,54470.45,15631.61,5825.83
139,S-0010,2023-06-19,1159,52102.17,14951.97,5572.53
140,S-0010,2023-06-20,1001,44997.33,12913.07,4812.64
141,S-0011,2023-06-21,1001,44997.33,12913.07,4812.64
142,S-0011,2023-06-22,1001,44997.33,12913.07,4812.64
143,S-0011,2023-06-23,1054,47365.61,13592.7,5065.94
144,S-0011,2023-06-24,1054,47365.61,13592.7,5065.94
145,S-0011,2023-06-25,1212,54470.45,15631.61,5825.83
146,S-0011,2023-06-26,1159,52102.17,14951.97,5572.53
147,S-0011,2023-06-27,1001,44997.33,12913.07,4812.64
148,S-0011,2023-06-28,1001,44997.33,12913.07,4812.64
149,S-0011,2023-06-29,1001,44997.33,12913.07,4812.64
150,S-0011,2023-06-30,1054,47365.52,13592.72,5065.86
151,S-0011,2023-07-01,1048,46389.94,12512.77,5081.58
152,S-0011,2023-07-02,1205,53348.43,14389.69,5843.81
153,S-0011,2023-07-03,1153,51028.93,13764.05,5589.73
154,S-0011,2023-07-04,996,44070.44,11887.13,4827.5
155,S-0012,2023-07-05,996,44070.44,11887.13,4827.5
156,S-0012,2023-07-06,996,44070.44,11887.13,4827.5
157,S-0012,2023-07-07,1048,46389.94,12512.77,5081.58
158,S-0012,2023-07-08,1048,46389.94,12512.77,5081.58
159,S-0012,2023-07-09,1205,53348.43,14389.69,5843.81
160,S-0012,2023-07-10,1153,51028.93,13764.05,5589.73
161,S-0012,2023-07-11,996,44070.44,11887.13,4827.5
162,S-0012,2023-07-12,996,44070.44,11887.13,4827.5
163,S-0012,2023-07-13,996,44070.44,11887.13,4827.5
164,S-0012,2023-07-14,1048,46389.94,12512.77,5081.58
165,S-0012,2023-07-15,1048,46389.94,12512.77,5081.58
166,S-0012,2023-07-16,1205,53348.43,14389.69,5843.81
167,S-0012,2023-07-17,1153,51028.93,13764.05,5589.73
168,S-0012,2023-07-18,996,44070.44,11887.13,4827.5
169,S-0013,2023-07-19,996,44070.44,11887.13,4827.5
170,S-0013,2023-07-20,996,44070.44,11887.13,4827.5
171,S-0013,2023-07-21,1048,46389.94,12512.77,5081.58
172,S-0013,2023-07-22,1048,46389.94,12512.77,5081.58
173,S-0013,2023-07-23,1205,53348.43,14389.69,5843.81
174,S-0013,2023-07-24,1153,51028.93,13764.05,5589.73
175,S-0013,2023-07-25,996,44070.44,11887.13,4827.5
176,S-0013,2023-07-26,996,44070.44,11887.13,4827.5
177,S-0013,2023-07-27,996,44070.44,11887.13,4827.5
178,S-0013,2023-07-28,1048,46389.94,12512.77,5081.58
179,S-0013,2023-07-29,1048,46389.94,12512.77,5081.58
180,S-0013,2023-07-30,1205,53348.43,14389.69,8098.34
181,S-0013,2023-07-31,1153,51028.93,13764.03,5589.67
182,S-0013,2023-08-01,1073,47529.96,13184.18,5151.87
183,S-0014,2023-08-02,1073,47529.96,13184.18,5151.87
184,S-0014,2023-08-03,1073,47529.96,13184.18,5151.87
185,S-0014,2023-08-04,1129,50031.54,13878.09,5423.02
186,S-0014,2023-08-05,1129,50031.54,13878.09,5423.02
187,S-0014,2023-08-06,1299,57536.27,15959.8,6236.47
188,S-0014,2023-08-07,1242,55034.7,15265.9,5965.32
189,S-0014,2023-08-08,1073,47529.96,13184.18,5151.87
190,S-0014,2023-08-09,1073,47529.96,13184.18,5151.87
191,S-0014,2023-08-10,1073,47529.96,13184.18,5151.87
192,S-0014,2023-08-11,1129,50031.54,13878.09,5423.02
193,S-0014,2023-08-12,1129,50031.54,13878.09,5423.02
194,S-0014,2023-08-13,1299,57536.27,15959.8,6236.47
195,S-0014,2023-08-14,1242,55034.7,15265.9,5965.32
196,S-0014,2023-08-15,1073,47529.96,13184.18,5151.87
197,S-0015,2023-08-16,1073,47529.96,13184.18,5151.87
198,S-0015,2023-08-17,1073,47529.96,13184.18,5151.87
199,S-0015,2023-08-18,1129,50031.54,13878.09,5423.02
200,S-0015,2023-08-19,1129,50031.54,13878.09,5423.02
201,S-0015,2023-08-20,1299,57536.27,15959.8,6236.47
202,S-0015,2023-08-21,1242,55034.7,15265.9,5965.32
203,S-0015,2023-08-22,1073,47529.96,13184.18,5151.87
204,S-0015,2023-08-23,1073,47529.96,13184.18,5151.87
205,S-0015,2023-08-24,1073,47529.96,13184.18,5151.87
206,S-0015,2023-08-25,1129,50031.54,13878.09,5423.02
207,S-0015,2023-08-26,1129,50031.54,13878.09,5423.02
208,S-0015,2023-08-27,1299,57536.27,15959.8,6236.47
209,S-0015,2023-08-28,1242,55034.7,15265.9,5965.32
210,S-0015,2023-08-29,1073,47529.96,13184.18,5151.87
211,S-0016,2023-08-30,1073,47529.96,13184.18,5151.87
212,S-0016,2023-08-31,1073,47530.03,13184.25,5151.81
213,S-0016,2023-09-01,1066,47834.37,14086.74,5062.15
214,S-0016,2023-09-02,1066,47834.37,14086.74,5062.15
215,S-0016,2023-09-03,1225,55009.53,16199.75,5821.47
216,S-0016,2023-09-04,1172,52617.81,15495.41,5568.36
217,S-0016,2023-09-05,1012,45442.66,13382.4,4809.04
218,S-0016,2023-09-06,1012,45442.66,13382.4,4809.04
219,S-0016,2023-09-07,1012,45442.66,13382.4,4809.04
220,S-0016,2023-09-08,1066,47834.37,14086.74,5062.15
221,S-0016,2023-09-09,1066,47834.37,14086.74,5062.15
222,S-0016,2023-09-10,1225,55009.53,16199.75,5821.47
223,S-0016,2023-09-11,1172,52617.81,15495.41,5568.36
224,S-0016,2023-09-12,1012,45442.66,13382.4,4809.04
225,S-0017,2023-09-13,1012,45442.66,13382.4,4809.04
226,S-0017,2023-09-14,1012,45442.66,13382.4,4809.04
227,S-0017,2023-09-15,1066,47834.37,14086.74,5062.15
228,S-0017,2023-09-16,1066,47834.37,14086.74,5062.15
229,S-0017,2023-09-17,1225,55009.53,16199.75,5821.47
230,S-0017,2023-09-18,1172,52617.81,15495.41,5568.36
231,S-0017,2023-09-19,1012,45442.66,13382.4,4809.04
232,S-0017,2023-09-20,1012,45442.66,13382.4,4809.04
233,S-0017,2023-09-21,1012,45442.66,13382.4,4809.04
234,S-0017,2023-09-22,1066,47834.37,14086.74,5062.15
235,S-0017,2023-09-23,1066,47834.37,14086.74,5062.15
236,S-0017,2023-09-24,1225,55009.53,16199.75,5821.47
237,S-0017,2023-09-25,1172,52617.81,15495.41,5568.36
238,S-0017,2023-09-26,1012,45442.66,13382.4,4809.04
239,S-0018,2023-09-27,1012,45442.66,13382.4,4809.04
240,S-0018,2023-09-28,1012,45442.66,13382.4,4809.04
241,S-0018,2023-09-29,1066,47834.37,14086.74,5062.15
242,S-0018,2023-09-30,1065,47834.36,14086.73,5062.07
243,S-0018,2023-10-01,1041,46665.12,13317.23,5002.18
244,S-0018,2023-10-02,996,44636.2,12738.22,4784.7
245,S-0018,2023-10-03,860,38549.45,11001.19,4132.24
246,S-0018,2023-10-04,860,38549.45,11001.19,4132.24
247,S-0018,2023-10-05,860,38549.45,11001.19,4132.24
248,S-0018,2023-10-06,905,40578.37,11580.2,4349.72
249,S-0018,2023-10-07,905,40578.37,11580.2,4349.72
250,S-0018,2023-10-08,1041,46665.12,13317.23,5002.18
251,S-0018,2023-10-09,996,44636.2,12738.22,4784.7
252,S-0018,2023-10-10,860,38549.45,11001.19,4132.24
253,S-0019,2023-10-11,860,38549.45,11001.19,4132.24
254,S-0019,2023-10-12,860,38549.45,11001.19,4132.24
255,S-0019,2023-10-13,905,40578.37,11580.2,4349.72
256,S-0019,2023-10-14,905,40578.37,11580.2,4349.72
257,S-0019,2023-10-15,1041,46665.12,13317.23,5002.18
258,S-0019,2023-10-16,996,44636.2,12738.22,4784.7
259,S-0019,2023-10-17,860,38549.45,11001.19,4132.24
260,S-0019,2023-10-18,860,38549.45,11001.19,4132.24
261,S-0019,2023-10-19,860,38549.45,11001.19,4132.24
262,S-0019,2023-10-20,905,40578.37,11580.2,4349.72
263,S-0019,2023-10-21,905,40578.37,11580.2,4349.72
264,S-0019,2023-10-22,1041,46665.12,13317.23,5002.18
265,S-0019,2023-10-23,996,44636.2,12738.22,4784.7
266,S-0019,2023-10-24,860,38549.45,11001.19,4132.24
267,S-0020,2023-10-25,860,38549.45,11001.19,4132.24
268,S-0020,2023-10-26,860,38549.45,11001.19,4132.24
269,S-0020,2023-10-27,905,40578.37,11580.2,4349.72
270,S-0020,2023-10-28,905,40578.37,11580.2,4349.72
271,S-0020,2023-10-29,1041,46665.12,13317.23,5002.18
272,S-0020,2023-10-30,996,44636.2,12738.22,4784.7
273,S-0020,2023-10-31,860,38549.38,11001.25,4132.25
274,S-0020,2023-11-01,1090,48388.63,13858.18,5179.57
275,S-0020,2023-11-02,1090,48388.63,13858.18,5179.57
276,S-0020,2023-11-03,1147,50935.4,14587.56,5452.18
277,S-0020,2023-11-04,1147,50935.4,14587.56,5452.18
278,S-0020,2023-11-05,1320,58575.71,16775.69,6270.0
279,S-0020,2023-11-06,1262,56028.94,16046.31,5997.39
280,S-0020,2023-11-07,1090,48388.63,13858.18,5179.57
281,S-0021,2023-11-08,1090,48388.63,13858.18,5179.57
282,S-0021,2023-11-09,1090,48388.63,13858.18,5179.57
283,S-0021,2023-11-10,1147,50935.4,14587.56,5452.18
284,S-0021,2023-11-11,1147,50935.4,14587.56,5452.18
285,S-0021,2023-11-12,1320,58575.71,16775.69,6270.0
286,S-0021,2023-11-13,1262,56028.94,16046.31,5997.39
287,S-0021,2023-11-14,1090,48388.63,13858.18,5179.57
288,S-0021,2023-11-15,1090,48388.63,13858.18,5179.57
289,S-0021,2023-11-16,1090,48388.63,13858.18,5179.57
290,S-0021,2023-11-17,1147,50935.4,14587.56,5452.18
291,S-0021,2023-11-18,1147,50935.4,14587.56,5452.18
292,S-0021,2023-11-19,1320,58575.71,16775.69,6270.0
293,S-0021,2023-11-20,1262,56028.94,16046.31,5997.39
294,S-0021,2023-11-21,1090,48388.63,13858.18,5179.57
295,S-0022,2023-11-22,1090,48388.63,13858.18,5179.57
296,S-0022,2023-11-23,1090,48388.63,13858.18,5179.57
297,S-0022,2023-11-24,3442,152806.2,43762.67,16356.53
298,S-0022,2023-11-25,1147,50935.4,14587.56,5452.18
299,S-0022,2023-11-26,1320,58575.71,16775.69,6270.0
300,S-0022,2023-11-27,2524,112057.88,32092.62,11994.79
301,S-0022,2023-11-28,1090,48388.63,13858.18,5179.57
302,S-0022,2023-11-29,1090,48388.63,13858.18,5179.57
303,S-0022,2023-11-30,1090,48388.66,13858.12,5179.54
304,S-0022,2023-12-01,1226,56246.07,16045.42,6030.1
305,S-0022,2023-12-02,1226,56246.07,16045.42,6030.1
306,S-0022,2023-12-03,1410,64682.98,18452.23,6934.61
307,S-0022,2023-12-04,1348,61870.68,17649.96,6633.11
308,S-0022,2023-12-05,1165,53433.77,15243.15,5728.59
309,S-0023,2023-12-06,1165,53433.77,15243.15,5728.59
310,S-0023,2023-12-07,1165,53433.77,15243.15,5728.59
311,S-0023,2023-12-08,1226,56246.07,16045.42,6030.1
312,S-0023,2023-12-09,1226,56246.07,16045.42,6030.1
313,S-0023,2023-12-10,1410,64682.98,18452.23,6934.61
314,S-0023,2023-12-11,1348,61870.68,17649.96,6633.11
315,S-0023,2023-12-12,1165,53433.77,15243.15,5728.59
316,S-0023,2023-12-13,1165,53433.77,15243.15,5728.59
317,S-0023,2023-12-14,1165,53433.77,15243.15,5728.59
318,S-0023,2023-12-15,1226,56246.07,16045.42,6030.1
319,S-0023,2023-12-16,1226,56246.07,16045.42,6030.1
320,S-0023,2023-12-17,1410,64682.98,18452.23,6934.61
321,S-0023,2023-12-18,1348,61870.68,17649.96,6633.11
322,S-0023,2023-12-19,1165,53433.77,15243.15,5728.59
323,S-0024,2023-12-20,1165,53433.77,15243.15,5728.59
324,S-0024,2023-12-21,1165,53433.77,15243.15,5728.59
325,S-0024,2023-12-22,1226,56246.07,16045.42,6030.1
326,S-0024,2023-12-23,1226,56246.07,16045.42,6030.1
327,S-0024,2023-12-24,1410,64682.98,18452.23,6934.61
328,S-0024,2023-12-25,405,18561.2,5294.99,1989.93
329,S-0024,2023-12-26,2096,96180.78,27437.67,10311.47
330,S-0024,2023-12-27,1165,53433.77,15243.15,5728.59
331,S-0024,2023-12-28,1165,53433.77,15243.15,5728.59
332,S-0024,2023-12-29,1226,56246.07,16045.42,6030.1
333,S-0024,2023-12-30,1226,56246.07,16045.42,6030.1
334,S-0024,2023-12-31,1410,64683.02,18452.26,6934.62
335,S-0024,2024-01-01,1146,50894.09,14211.28,5502.42
336,S-0024,2024-01-02,990,43953.98,12273.38,4752.09
337,S-0025,2024-01-03,990,43953.98,12273.38,4752.09
338,S-0025,2024-01-04,990,43953.98,12273.38,4752.09
339,S-0025,2024-01-05,1042,46267.35,12919.35,5002.2
340,S-0025,2024-01-06,1042,46267.35,12919.35,5002.2
341,S-0025,2024-01-07,1198,53207.45,14857.25,5752.53
342,S-0025,2024-01-08,1146,50894.09,14211.28,5502.42
343,S-0025,2024-01-09,990,43953.98,12273.38,4752.09
344,S-0025,2024-01-10,990,43953.98,12273.38,4752.09
345,S-0025,2024-01-11,990,43953.98,12273.38,4752.09
346,S-0025,2024-01-12,1042,46267.35,12919.35,5002.2
347,S-0025,2024-01-13,1042,46267.35,12919.35,5002.2
348,S-0025,2024-01-14,1198,53207.45,14857.25,5752.53
349,S-0025,2024-01-15,1146,50894.09,14211.28,5502.42
350,S-0025,2024-01-16,990,43953.98,12273.38,4752.09
351,S-0026,2024-01-17,990,43953.98,12273.38,4752.09
352,S-0026,2024-01-18,990,43953.98,12273.38,4752.09
353,S-0026,2024-01-19,1042,46267.35,12919.35,5002.2
354,S-0026,2024-01-20,1042,46267.35,12919.35,5002.2
355,S-0026,2024-01-21,1198,53207.45,14857.25,5752.53
356,S-0026,2024-01-22,1146,50894.09,14211.28,5502.42
357,S-0026,2024-01-23,990,43953.98,12273.38,4752.09
358,S-0026,2024-01-24,990,43953.98,12273.38,4752.09
359,S-0026,2024-01-25,990,43953.98,12273.38,4752.09
360,S-0026,2024-01-26,1042,46267.35,12919.35,5002.2
361,S-0026,2024-01-27,1042,46267.35,12919.35,5002.2
362,S-0026,2024-01-28,1198,53207.45,14857.25,5752.53
363,S-0026,2024-01-29,1146,50894.09,14211.28,5502.42
364,S-0026,2024-01-30,990,43953.98,12273.38,4752.09
365,S-0027,2024-01-31,990,43954.06,12273.34,4752.12
366,S-0027,2024-02-01,720,32117.63,9005.9,3466.76
367,S-0027,2024-02-02,758,33808.03,9479.89,3649.22
368,S-0027,2024-02-03,758,33808.03,9479.89,3649.22
369,S-0027,2024-02-04,872,38879.23,10901.88,4196.6
370,S-0027,2024-02-05,834,37188.83,10427.88,4014.14
371,S-0027,2024-02-06,720,32117.63,9005.9,3466.76
372,S-0027,2024-02-07,720,32117.63,9005.9,3466.76
373,S-0027,2024-02-08,720,32117.63,9005.9,3466.76
374,S-0027,2024-02-09,758,33808.03,9479.89,3649.22
375,S-0027,2024-02-10,758,33808.03,9479.89,3649.22
376,S-0027,2024-02-11,872,38879.23,10901.88,4196.6
377,S-0027,2024-02-12,834,37188.83,10427.88,4014.14
378,S-0027,2024-02-13,720,32117.63,9005.9,3466.76
379,S-0028,2024-02-14,720,32117.63,9005.9,3466.76
380,S-0028,2024-02-15,720,32117.63,9005.9,3466.76
381,S-0028,2024-02-16,758,33808.03,9479.89,3649.22
382,S-0028,2024-02-17,758,33808.03,9479.89,3649.22
383,S-0028,2024-02-18,872,38879.23,10901.88,4196.6
384,S-0028,2024-02-19,834,37188.83,10427.88,4014.14
385,S-0028,2024-02-20,720,32117.63,9005.9,3466.76
386,S-0028,2024-02-21,720,32117.63,9005.9,3466.76
387,S-0028,2024-02-22,720,32117.63,9005.9,3466.76
388,S-0028,2024-02-23,758,33808.03,9479.89,3649.22
389,S-0028,2024-02-24,758,33808.03,9479.89,3649.22
390,S-0028,2024-02-25,872,38879.23,10901.88,4196.6
391,S-0028,2024-02-26,834,37188.83,10427.88,4014.14
392,S-0028,2024-02-27,720,32117.63,9005.9,3466.76
393,S-0029,2024-02-28,720,32117.63,9005.9,3466.76
394,S-0029,2024-02-29,720,32117.63,9005.95,3466.77
395,S-0029,2024-03-01,842,38047.18,10383.83,4149.5
396,S-0029,2024-03-02,842,38047.18,10383.83,4149.5
397,S-0029,2024-03-03,969,43754.26,11941.41,4771.93
398,S-0029,2024-03-04,927,41851.9,11422.22,4564.45
399,S-0029,2024-03-05,800,36144.82,9864.64,3942.03
400,S-0029,2024-03-06,800,36144.82,9864.64,3942.03
401,S-0029,2024-03-07,800,36144.82,9864.64,3942.03
402,S-0029,2024-03-08,842,38047.18,10383.83,4149.5
403,S-0029,2024-03-09,842,38047.18,10383.83,4149.5
404,S-0029,2024-03-10,969,43754.26,11941.41,4771.93
405,S-0029,2024-03-11,927,41851.9,11422.22,4564.45
406,S-0029,2024-03-12,800,36144.82,9864.64,3942.03
407,S-0030,2024-03-13,800,36144.82,9864.64,3942.03
408,S-0030,2024-03-14,800,36144.82,9864.64,3942.03
409,S-0030,2024-03-15,842,38047.18,10383.83,4149.5
410,S-0030,2024-03-16,842,38047.18,10383.83,4149.5
411,S-0030,2024-03-17,969,43754.26,11941.41,4771.93
412,S-0030,2024-03-18,927,41851.9,11422.22,4564.45
413,S-0030,2024-03-19,800,36144.82,9864.64,3942.03
414,S-0030,2024-03-20,800,36144.82,9864.64,3942.03
415,S-0030,2024-03-21,800,36144.82,9864.64,3942.03
416,S-0030,2024-03-22,842,38047.18,10383.83,4149.5
417,S-0030,2024-03-23,842,38047.18,10383.83,4149.5
418,S-0030,2024-03-24,969,43754.26,11941.41,4771.93
419,S-0030,2024-03-25,927,41851.9,11422.22,4564.45
420,S-0030,2024-03-26,800,36144.82,9864.64,3942.03
421,S-0031,2024-03-27,800,36144.82,9864.64,3942.03
422,S-0031,2024-03-28,800,36144.82,9864.64,3942.03
423,S-0031,2024-03-29,842,38047.18,10383.83,4149.5
424,S-0031,2024-03-30,842,38047.18,10383.83,4149.5
425,S-0031,2024-03-31,969,43754.21,11941.41,4771.91
426,S-0031,2024-04-01,974,43840.91,12474.28,4704.99
427,S-0031,2024-04-02,841,37862.6,10773.25,4063.4
428,S-0031,2024-04-03,841,37862.6,10773.25,4063.4
429,S-0031,2024-04-04,841,37862.6,10773.25,4063.4
430,S-0031,2024-04-05,885,39855.37,11340.26,4277.27
431,S-0031,2024-04-06,885,39855.37,11340.26,4277.27
432,S-0031,2024-04-07,1018,45833.67,13041.3,4918.86
433,S-0031,2024-04-08,974,43840.91,12474.28,4704.99
434,S-0031,2024-04-09,841,37862.6,10773.25,4063.4
435,S-0032,2024-04-10,841,37862.6,10773.25,4063.4
436,S-0032,2024-04-11,841,37862.6,10773.25,4063.4
437,S-0032,2024-04-12,885,39855.37,11340.26,4277.27
438,S-0032,2024-04-13,885,39855.37,11340.26,4277.27
439,S-0032,2024-04-14,1018,45833.67,13041.3,4918.86
440,S-0032,2024-04-15,974,43840.91,12474.28,4704.99
441,S-0032,2024-04-16,841,37862.6,10773.25,4063.4
442,S-0032,2024-04-17,841,37862.6,10773.25,4063.4
443,S-0032,2024-04-18,841,37862.6,10773.25,4063.4
444,S-0032,2024-04-19,885,39855.37,11340.26,4277.27
445,S-0032,2024-04-20,885,39855.37,11340.26,4277.27
446,S-0032,2024-04-21,1018,45833.67,13041.3,4918.86
447,S-0032,2024-04-22,974,43840.91,12474.28,4704.99
448,S-0032,2024-04-23,841,37862.6,10773.25,4063.4
449,S-0033,2024-04-24,841,37862.6,10773.25,4063.4
450,S-0033,2024-04-25,841,37862.6,10773.25,4063.4
451,S-0033,2024-04-26,885,39855.37,11340.26,4277.27
452,S-0033,2024-04-27,885,39855.37,11340.26,4277.27
453,S-0033,2024-04-28,1018,45833.67,13041.3,4918.86
454,S-0033,2024-04-29,974,43840.91,12474.28,4704.99
455,S-0033,2024-04-30,841,37862.58,10773.2,4063.41
456,S-0033,2024-05-01,1008,45211.99,12807.23,4860.71
457,S-0033,2024-05-02,1008,45211.99,12807.23,4860.71
458,S-0033,2024-05-03,1061,47591.57,13481.29,5116.54
459,S-0033,2024-05-04,1061,47591.57,13481.29,5116.54
460,S-0033,2024-05-05,1221,54730.3,15503.49,5884.02
461,S-0033,2024-05-06,1168,52350.72,14829.42,5628.19
462,S-0033,2024-05-07,1008,45211.99,12807.23,4860.71
463,S-0034,2024-05-08,1008,45211.99,12807.23,4860.71
464,S-0034,2024-05-09,1008,45211.99,12807.23,4860.71
465,S-0034,2024-05-10,1061,47591.57,13481.29,5116.54
466,S-0034,2024-05-11,1061,47591.57,13481.29,5116.54
467,S-0034,2024-05-12,1221,54730.3,15503.49,5884.02
468,S-0034,2024-05-13,1168,52350.72,14829.42,5628.19
469,S-0034,2024-05-14,1008,45211.99,12807.23,4860.71
470,S-0034,2024-05-15,1008,45211.99,12807.23,4860.71
471,S-0034,2024-05-16,1008,45211.99,12807.23,4860.71
472,S-0034,2024-05-17,1061,47591.57,13481.29,5116.54
473,S-0034,2024-05-18,1061,47591.57,13481.29,5116.54
474,S-0034,2024-05-19,1221,54730.3,15503.49,5884.02
475,S-0034,2024-05-20,1168,52350.72,14829.42,5628.19
476,S-0034,2024-05-21,1008,45211.99,12807.23,4860.71
477,S-0035,2024-05-22,1008,45211.99,12807.23,4860.71
478,S-0035,2024-05-23,1008,45211.99,12807.23,4860.71
479,S-0035,2024-05-24,1061,47591.57,13481.29,5116.54
480,S-0035,2024-05-25,1061,47591.57,13481.29,5116.54
481,S-0035,2024-05-26,1221,54730.3,15503.49,5884.02
482,S-0035,2024-05-27,1168,52350.72,14829.42,5628.19
483,S-0035,2024-05-28,1008,45211.99,12807.23,4860.71
484,S-0035,2024-05-29,1008,45211.99,12807.23,4860.71
485,S-0035,2024-05-30,1008,45211.99,12807.23,4860.71
486,S-0035,2024-05-31,1061,47591.55,13481.34,5116.63
487,S-0035,2024-06-01,1157,51872.85,14690.08,5577.42
488,S-0035,2024-06-02,1331,59653.78,16893.59,6414.03
489,S-0035,2024-06-03,1273,57060.14,16159.08,6135.16
490,S-0035,2024-06-04,1099,49279.21,13955.57,5298.55
491,S-0036,2024-06-05,1099,49279.21,13955.57,5298.55
492,S-0036,2024-06-06,1099,49279.21,13955.57,5298.55
493,S-0036,2024-06-07,1157,51872.85,14690.08,5577.42
494,S-0036,2024-06-08,1157,51872.85,14690.08,5577.42
495,S-0036,2024-06-09,1331,59653.78,16893.59,6414.03
496,S-0036,2024-06-10,1273,57060.14,16159.08,6135.16
497,S-0036,2024-06-11,1099,49279.21,13955.57,5298.55
498,S-0036,2024-06-12,1099,49279.21,13955.57,5298.55
499,S-0036,2024-06-13,1099,49279.21,13955.57,5298.55
500,S-0036,2024-06-14,1157,51872.85,14690.08,5577.42
501,S-0036,2024-06-15,1157,51872.85,14690.08,5577.42
502,S-0036,2024-06-16,1331,59653.78,16893.59,6414.03
503,S-0036,2024-06-17,1273,57060.14,16159.08,6135.16
504,S-0036,2024-06-18,1099,49279.21,13955.57,5298.55
505,S-0037,2024-06-19,1099,49279.21,13955.57,5298.55
506,S-0037,2024-06-20,1099,49279.21,13955.57,5298.55
507,S-0037,2024-06-21,1157,51872.85,14690.08,5577.42
508,S-0037,2024-06-22,1157,51872.85,14690.08,5577.42
509,S-0037,2024-06-23,1331,59653.78,16893.59,8651.29
510,S-0037,2024-06-24,1273,57060.14,16159.08,6135.16
511,S-0037,2024-06-25,1099,49279.21,13955.57,5298.55
512,S-0037,2024-06-26,1099,49279.21,13955.57,5298.55
513,S-0037,2024-06-27,1099,49279.21,13955.57,5298.55
514,S-0037,2024-06-28,1157,51872.85,14690.08,5577.42
515,S-0037,2024-06-29,1157,51872.85,14690.08,5577.42
516,S-0037,2024-06-30,1331,59653.76,16893.61,6413.92
517,S-0037,2024-07-01,1256,55496.33,15386.96,6016.4
518,S-0037,2024-07-02,1085,47928.65,13288.74,5195.99
519,S-0038,2024-07-03,1085,47928.65,13288.74,5195.99
520,S-0038,2024-07-04,1085,47928.65,13288.74,5195.99
521,S-0038,2024-07-05,1142,50451.21,13988.15,5469.46
522,S-0038,2024-07-06,1142,50451.21,13988.15,5469.46
523,S-0038,2024-07-07,1313,58018.89,16086.37,6289.88
524,S-0038,2024-07-08,1256,55496.33,15386.96,6016.4
525,S-0038,2024-07-09,1085,47928.65,13288.74,5195.99
526,S-0038,2024-07-10,1085,47928.65,13288.74,5195.99
527,S-0038,2024-07-11,1085,47928.65,13288.74,5195.99
528,S-0038,2024-07-12,1142,50451.21,13988.15,5469.46
529,S-0038,2024-07-13,1142,50451.21,13988.15,5469.46
530,S-0038,2024-07-14,1313,58018.89,16086.37,6289.88
531,S-0038,2024-07-15,1256,55496.33,15386.96,6016.4
532,S-0038,2024-07-16,1085,47928.65,13288.74,5195.99
533,S-0039,2024-07-17,1085,47928.65,13288.74,5195.99
534,S-0039,2024-07-18,1085,47928.65,13288.74,5195.99
535,S-0039,2024-07-19,1142,50451.21,13988.15,5469.46
536,S-0039,2024-07-20,1142,50451.21,13988.15,5469.46
537,S-0039,2024-07-21,1313,58018.89,16086.37,6289.88
538,S-0039,2024-07-22,1256,55496.33,15386.96,6016.4
539,S-0039,2024-07-23,1085,47928.65,13288.74,5195.99
540,S-0039,2024-07-24,1085,47928.65,13288.74,5195.99
541,S-0039,2024-07-25,1085,47928.65,13288.74,5195.99
542,S-0039,2024-07-26,1142,50451.21,13988.15,5469.46
543,S-0039,2024-07-27,1142,50451.21,13988.15,5469.46
544,S-0039,2024-07-28,1313,58018.89,16086.37,6289.88
545,S-0039,2024-07-29,1256,55496.33,15386.96,6016.4
546,S-0039,2024-07-30,1085,47928.65,13288.74,5195.99
547,S-0040,2024-07-31,1085,47928.51,13288.67,5195.94
548,S-0040,2024-08-01,1142,52057.53,14627.7,5614.47
549,S-0040,2024-08-02,1202,54797.4,15397.58,5909.97
550,S-0040,2024-08-03,1202,54797.4,15397.58,5909.97
551,S-0040,2024-08-04,1383,63017.01,17707.22,6796.47
552,S-0040,2024-08-05,1323,60277.14,16937.34,6500.97
553,S-0040,2024-08-06,1142,52057.53,14627.7,5614.47
554,S-0040,2024-08-07,1142,52057.53,14627.7,5614.47
555,S-0040,2024-08-08,1142,52057.53,14627.7,5614.47
556,S-0040,2024-08-09,1202,54797.4,15397.58,5909.97
557,S-0040,2024-08-10,1202,54797.4,15397.58,5909.97
558,S-0040,2024-08-11,1383,63017.01,17707.22,6796.47
559,S-0040,2024-08-12,1323,60277.14,16937.34,6500.97
560,S-0040,2024-08-13,1142,52057.53,14627.7,5614.47
561,S-0041,2024-08-14,1142,52057.53,14627.7,5614.47
562,S-0041,2024-08-15,1142,52057.53,14627.7,5614.47
563,S-0041,2024-08-16,1202,54797.4,15397.58,5909.97
564,S-0041,2024-08-17,1202,54797.4,15397.58,5909.97
565,S-0041,2024-08-18,1383,63017.01,17707.22,6796.47
566,S-0041,2024-08-19,1323,60277.14,16937.34,6500.97
567,S-0041,2024-08-20,1142,52057.53,14627.7,5614.47
568,S-0041,2024-08-21,1142,52057.53,14627.7,5614.47
569,S-0041,2024-08-22,1142,52057.53,14627.7,5614.47
570,S-0041,2024-08-23,1202,54797.4,15397.58,5909.97
571,S-0041,2024-08-24,1202,54797.4,15397.58,5909.97
572,S-0041,2024-08-25,1383,63017.01,17707.22,6796.47
573,S-0041,2024-08-26,1323,60277.14,16937.34,6500.97
574,S-0041,2024-08-27,1142,52057.53,14627.7,5614.47
575,S-0042,2024-08-28,1142,52057.53,14627.7,5614.47
576,S-0042,2024-08-29,1142,52057.53,14627.7,5614.47
577,S-0042,2024-08-30,1202,54797.4,15397.58,5909.97
578,S-0042,2024-08-31,1202,54797.39,15397.54,5910.06
579,S-0042,2024-09-01,1364,61084.75,17601.19,6522.53
580,S-0042,2024-09-02,1304,58428.89,16835.92,6238.95
581,S-0042,2024-09-03,1127,50461.31,14540.11,5388.18
582,S-0042,2024-09-04,1127,50461.31,14540.11,5388.18
583,S-0042,2024-09-05,1127,50461.31,14540.11,5388.18
584,S-0042,2024-09-06,1186,53117.17,15305.38,5671.77
585,S-0042,2024-09-07,1186,53117.17,15305.38,5671.77
586,S-0042,2024-09-08,1364,61084.75,17601.19,6522.53
587,S-0042,2024-09-09,1304,58428.89,16835.92,6238.95
588,S-0042,2024-09-10,1127,50461.31,14540.11,5388.18
589,S-0043,2024-09-11,1127,50461.31,14540.11,5388.18
590,S-0043,2024-09-12,1127,50461.31,14540.11,5388.18
591,S-0043,2024-09-13,1186,53117.17,15305.38,5671.77
592,S-0043,2024-09-14,1186,53117.17,15305.38,5671.77
593,S-0043,2024-09-15,1364,61084.75,17601.19,6522.53
594,S-0043,2024-09-16,1304,58428.89,16835.92,6238.95
595,S-0043,2024-09-17,1127,50461.31,14540.11,5388.18
596,S-0043,2024-09-18,1127,50461.31,14540.11,5388.18
597,S-0043,2024-09-19,1127,50461.31,14540.11,5388.18
598,S-0043,2024-09-20,1186,53117.17,15305.38,5671.77
599,S-0043,2024-09-21,1186,53117.17,15305.38,5671.77
600,S-0043,2024-09-22,1364,61084.75,17601.19,6522.53
601,S-0043,2024-09-23,1304,58428.89,16835.92,6238.95
602,S-0043,2024-09-24,1127,50461.31,14540.11,5388.18
603,S-0044,2024-09-25,1127,50461.31,14540.11,5388.18
604,S-0044,2024-09-26,1127,50461.31,14540.11,5388.18
605,S-0044,2024-09-27,1186,53117.17,15305.38,5671.77
606,S-0044,2024-09-28,1186,53117.17,15305.38,5671.77
607,S-0044,2024-09-29,1364,61084.75,17601.19,6522.53
608,S-0044,2024-09-30,1304,58428.97,16835.95,6238.94
609,S-0044,2024-10-01,959,43034.46,11816.44,4682.7
610,S-0044,2024-10-02,959,43034.46,11816.44,4682.7
611,S-0044,2024-10-03,959,43034.46,11816.44,4682.7
612,S-0044,2024-10-04,1009,45299.43,12438.36,5914.97
613,S-0044,2024-10-05,1009,45299.43,12438.36,4929.16
614,S-0044,2024-10-06,1160,52094.34,14304.11,5668.54
615,S-0044,2024-10-07,1110,49829.37,13682.19,5422.08
616,S-0044,2024-10-08,959,43034.46,11816.44,4682.7
617,S-0045,2024-10-09,959,43034.46,11816.44,4682.7
618,S-0045,2024-10-10,959,43034.46,11816.44,4682.7
619,S-0045,2024-10-11,1009,45299.43,12438.36,4929.16
620,S-0045,2024-10-12,1009,45299.43,12438.36,4929.16
621,S-0045,2024-10-13,1160,52094.34,14304.11,5668.54
622,S-0045,2024-10-14,1110,49829.37,13682.19,5422.08
623,S-0045,2024-10-15,959,43034.46,11816.44,4682.7
624,S-0045,2024-10-16,959,43034.46,11816.44,4682.7
625,S-0045,2024-10-17,959,43034.46,11816.44,5501.07
626,S-0045,2024-10-18,1009,45299.43,12438.36,4929.16
627,S-0045,2024-10-19,1009,45299.43,12438.36,4929.16
628,S-0045,2024-10-20,1160,52094.34,14304.11,5668.54
629,S-0045,2024-10-21,1110,49829.37,13682.19,5422.08
630,S-0045,2024-10-22,959,43034.46,11816.44,4682.7
631,S-0046,2024-10-23,959,43034.46,11816.44,4682.7
632,S-0046,2024-10-24,959,43034.46,11816.44,4682.7
633,S-0046,2024-10-25,1009,45299.43,12438.36,4929.16
634,S-0046,2024-10-26,1009,45299.43,12438.36,4929.16
635,S-0046,2024-10-27,1160,52094.34,14304.11,5668.54
636,S-0046,2024-10-28,1110,49829.37,13682.19,5422.08
637,S-0046,2024-10-29,959,43034.46,11816.44,4682.7
638,S-0046,2024-10-30,959,43034.46,11816.44,4682.7
639,S-0046,2024-10-31,959,43034.48,11816.36,4682.73
640,S-0046,2024-11-01,1305,58924.67,16357.88,6385.02
641,S-0046,2024-11-02,1305,58924.67,16357.88,6385.02
642,S-0046,2024-11-03,1501,67763.37,18811.56,7342.77
643,S-0046,2024-11-04,1435,64817.14,17993.67,7023.52
644,S-0046,2024-11-05,1240,55978.44,15539.99,6065.77
645,S-0047,2024-11-06,1240,55978.44,15539.99,6065.77
646,S-0047,2024-11-07,1240,55978.44,15539.99,6065.77
647,S-0047,2024-11-08,1305,58924.67,16357.88,6385.02
648,S-0047,2024-11-09,1305,58924.67,16357.88,6385.02
649,S-0047,2024-11-10,1501,67763.37,18811.56,7342.77
650,S-0047,2024-11-11,1435,64817.14,17993.67,7023.52
651,S-0047,2024-11-12,1240,55978.44,15539.99,6065.77
652,S-0047,2024-11-13,1240,55978.44,15539.99,6065.77
653,S-0047,2024-11-14,1240,55978.44,15539.99,6065.77
654,S-0047,2024-11-15,1305,58924.67,16357.88,6385.02
655,S-0047,2024-11-16,1305,58924.67,16357.88,6385.02
656,S-0047,2024-11-17,1501,67763.37,18811.56,7342.77
657,S-0047,2024-11-18,1435,64817.14,17993.67,7023.52
658,S-0047,2024-11-19,1240,55978.44,15539.99,6065.77
659,S-0048,2024-11-20,1240,55978.44,15539.99,6065.77
660,S-0048,2024-11-21,1240,55978.44,15539.99,6065.77
661,S-0048,2024-11-22,1305,58924.67,16357.88,6385.02
662,S-0048,2024-11-23,1305,58924.67,16357.88,6385.02
663,S-0048,2024-11-24,1501,67763.37,18811.56,7342.77
664,S-0048,2024-11-25,1435,64817.14,17993.67,7023.52
665,S-0048,2024-11-26,1240,55978.44,15539.99,6065.77
666,S-0048,2024-11-27,1240,55978.44,15539.99,6065.77
667,S-0048,2024-11-28,1240,55978.44,15539.99,6065.77
668,S-0048,2024-11-29,3915,176774.01,49073.64,19155.06
669,S-0048,2024-11-30,1305,58924.62,16357.82,6384.98
670,S-0048,2024-12-01,1494,66947.36,18694.36,7237.95
671,S-0048,2024-12-02,2859,128073.2,35763.13,13846.51
672,S-0048,2024-12-03,1234,55304.34,15443.17,5979.18
673,S-0049,2024-12-04,1234,55304.34,15443.17,5979.18
674,S-0049,2024-12-05,1234,55304.34,15443.17,5979.18
675,S-0049,2024-12-06,1299,58215.09,16255.97,6293.87
676,S-0049,2024-12-07,1299,58215.09,16255.97,6293.87
677,S-0049,2024-12-08,1494,66947.36,18694.36,7237.95
678,S-0049,2024-12-09,1429,64036.6,17881.57,6923.26
679,S-0049,2024-12-10,1234,55304.34,15443.17,5979.18
680,S-0049,2024-12-11,1234,55304.34,15443.17,5979.18
681,S-0049,2024-12-12,1234,55304.34,15443.17,5979.18
682,S-0049,2024-12-13,1299,58215.09,16255.97,6293.87
683,S-0049,2024-12-14,1299,58215.09,16255.97,6293.87
684,S-0049,2024-12-15,1494,66947.36,18694.36,7237.95
685,S-0049,2024-12-16,1429,64036.6,17881.57,6923.26
686,S-0049,2024-12-17,1234,55304.34,15443.17,5979.18
687,S-0050,2024-12-18,1234,55304.34,15443.17,5979.18
688,S-0050,2024-12-19,1234,55304.34,15443.17,5979.18
689,S-0050,2024-12-20,1299,58215.09,16255.97,6293.87
690,S-0050,2024-12-21,1299,58215.09,16255.97,6293.87
691,S-0050,2024-12-22,1494,66947.36,18694.36,7237.95
692,S-0050,2024-12-23,1429,64036.6,17881.57,6923.26
693,S-0050,2024-12-24,1234,55304.34,15443.17,5979.18
694,S-0050,2024-12-25,370,16591.3,4632.95,1793.75
695,S-0050,2024-12-26,2222,99547.81,27797.71,10762.52
696,S-0050,2024-12-27,1299,58215.09,16255.97,6293.87
697,S-0050,2024-12-28,1299,58215.09,16255.97,6293.87
698,S-0050,2024-12-29,1494,66947.36,18694.36,7237.95
699,S-0050,2024-12-30,1429,64036.6,17881.57,6923.26
700,S-0050,2024-12-31,1234,55304.34,15443.18,5979.09
701,S-0051,2025-01-01,1066,48372.78,13343.09,5254.45
702,S-0051,2025-01-02,1066,48372.78,13343.09,5254.45
703,S-0051,2025-01-03,1122,50918.71,14045.36,5531.0
704,S-0051,2025-01-04,1122,50918.71,14045.36,5531.0
705,S-0051,2025-01-05,1290,58556.52,16152.17,6360.65
706,S-0051,2025-01-06,1234,56010.59,15449.9,6084.1
707,S-0051,2025-01-07,1066,48372.78,13343.09,5254.45
708,S-0051,2025-01-08,1066,48372.78,13343.09,5254.45
709,S-0051,2025-01-09,1066,48372.78,13343.09,5254.45
710,S-0051,2025-01-10,1122,50918.71,14045.36,5531.0
711,S-0051,2025-01-11,1122,50918.71,14045.36,5531.0
712,S-0051,2025-01-12,1290,58556.52,16152.17,6360.65
713,S-0051,2025-01-13,1234,56010.59,15449.9,6084.1
714,S-0051,2025-01-14,1066,48372.78,13343.09,5254.45
715,S-0052,2025-01-15,1066,48372.78,13343.09,5254.45
716,S-0052,2025-01-16,1066,48372.78,13343.09,5254.45
717,S-0052,2025-01-17,1122,50918.71,14045.36,5531.0
718,S-0052,2025-01-18,1122,50918.71,14045.36,5531.0
719,S-0052,2025-01-19,1290,58556.52,16152.17,6360.65
720,S-0052,2025-01-20,1234,56010.59,15449.9,6084.1
721,S-0052,2025-01-21,1066,48372.78,13343.09,5254.45
722,S-0052,2025-01-22,1066,48372.78,13343.09,5254.45
723,S-0052,2025-01-23,1066,48372.78,13343.09,5254.45
724,S-0052,2025-01-24,1122,50918.71,14045.36,5531.0
725,S-0052,2025-01-25,1122,50918.71,14045.36,5531.0
726,S-0052,2025-01-26,1290,58556.52,16152.17,6360.65
727,S-0052,2025-01-27,1234,56010.59,15449.9,6084.1
728,S-0052,2025-01-28,1066,48372.78,13343.09,5254.45
729,S-0053,2025-01-29,1066,48372.78,13343.09,5254.45
730,S-0053,2025-01-30,1066,48372.78,13343.09,5254.45
731,S-0053,2025-01-31,1122,50918.7,14045.43,5531.08
732,S-0053,2025-02-01,851,38134.95,10675.07,4118.98
733,S-0053,2025-02-02,978,43855.19,12276.33,4736.83
734,S-0053,2025-02-03,936,41948.44,11742.57,4530.88
735,S-0053,2025-02-04,808,36228.2,10141.31,3913.03
736,S-0053,2025-02-05,808,36228.2,10141.31,3913.03
737,S-0053,2025-02-06,808,36228.2,10141.31,3913.03
738,S-0053,2025-02-07,851,38134.95,10675.07,4118.98
739,S-0053,2025-02-08,851,38134.95,10675.07,4118.98
740,S-0053,2025-02-09,978,43855.19,12276.33,4736.83
741,S-0053,2025-02-10,936,41948.44,11742.57,4530.88
742,S-0053,2025-02-11,808,36228.2,10141.31,3913.03
743,S-0054,2025-02-12,808,36228.2,10141.31,3913.03
744,S-0054,2025-02-13,808,36228.2,10141.31,3913.03
745,S-0054,2025-02-14,851,38134.95,10675.07,4118.98
746,S-0054,2025-02-15,851,38134.95,10675.07,4118.98
747,S-0054,2025-02-16,978,43855.19,12276.33,4736.83
748,S-0054,2025-02-17,936,41948.44,11742.57,4530.88
749,S-0054,2025-02-18,808,36228.2,10141.31,3913.03
750,S-0054,2025-02-19,808,36228.2,10141.31,3913.03
751,S-0054,2025-02-20,808,36228.2,10141.31,3913.03
752,S-0054,2025-02-21,851,38134.95,10675.07,4118.98
753,S-0054,2025-02-22,851,38134.95,10675.07,4118.98
754,S-0054,2025-02-23,978,43855.19,12276.33,4736.83
755,S-0054,2025-02-24,936,41948.44,11742.57,4530.88
756,S-0054,2025-02-25,808,36228.2,10141.31,3913.03
757,S-0055,2025-02-26,808,36228.2,10141.31,3913.03
758,S-0055,2025-02-27,808,36228.2,10141.31,3913.03
759,S-0055,2025-02-28,851,38134.93,10675.11,4119.03
760,S-0055,2025-03-01,867,39138.04,10887.75,4237.54
761,S-0055,2025-03-02,997,45008.75,12520.92,4873.18
762,S-0055,2025-03-03,954,43051.85,11976.53,4661.3
763,S-0055,2025-03-04,824,37181.14,10343.37,4025.67
764,S-0055,2025-03-05,824,37181.14,10343.37,4025.67
765,S-0055,2025-03-06,824,37181.14,10343.37,4025.67
766,S-0055,2025-03-07,867,39138.04,10887.75,4237.54
767,S-0055,2025-03-08,867,39138.04,10887.75,4237.54
768,S-0055,2025-03-09,997,45008.75,12520.92,4873.18
769,S-0055,2025-03-10,954,43051.85,11976.53,4661.3
770,S-0055,2025-03-11,824,37181.14,10343.37,4025.67
771,S-0056,2025-03-12,824,37181.14,10343.37,4025.67
772,S-0056,2025-03-13,824,37181.14,10343.37,4025.67
773,S-0056,2025-03-14,867,39138.04,10887.75,4237.54
774,S-0056,2025-03-15,867,39138.04,10887.75,4237.54
775,S-0056,2025-03-16,997,45008.75,12520.92,4873.18
776,S-0056,2025-03-17,954,43051.85,11976.53,4661.3
777,S-0056,2025-03-18,824,37181.14,10343.37,4025.67
778,S-0056,2025-03-19,824,37181.14,10343.37,4025.67
779,S-0056,2025-03-20,824,37181.14,10343.37,4025.67
780,S-0056,2025-03-21,867,39138.04,10887.75,4237.54
781,S-0056,2025-03-22,867,39138.04,10887.75,4237.54
782,S-0056,2025-03-23,997,45008.75,12520.92,4873.18
783,S-0056,2025-03-24,954,43051.85,11976.53,4661.3
784,S-0056,2025-03-25,824,37181.14,10343.37,4025.67
785,S-0057,2025-03-26,824,37181.14,10343.37,4025.67
786,S-0057,2025-03-27,824,37181.14,10343.37,4025.67
787,S-0057,2025-03-28,867,39138.04,10887.75,4237.54
788,S-0057,2025-03-29,867,39138.04,10887.75,4237.54
789,S-0057,2025-03-30,997,45008.75,12520.92,4873.18
790,S-0057,2025-03-31,954,43051.91,11976.48,4661.26
791,S-0057,2025-04-01,897,39897.07,11016.6,4332.07
792,S-0057,2025-04-02,897,39897.07,11016.6,4332.07
793,S-0057,2025-04-03,897,39897.07,11016.6,4332.07
794,S-0057,2025-04-04,944,41996.92,11596.42,4560.07
795,S-0057,2025-04-05,944,41996.92,11596.42,4560.07
796,S-0057,2025-04-06,1085,48296.45,13335.88,5244.09
797,S-0057,2025-04-07,1038,46196.61,12756.06,5016.08
798,S-0057,2025-04-08,897,39897.07,11016.6,4332.07
799,S-0058,2025-04-09,897,39897.07,11016.6,4332.07
800,S-0058,2025-04-10,897,39897.07,11016.6,4332.07
801,S-0058,2025-04-11,944,41996.92,11596.42,4560.07
802,S-0058,2025-04-12,944,41996.92,11596.42,4560.07
803,S-0058,2025-04-13,1085,48296.45,13335.88,5244.09
804,S-0058,2025-04-14,1038,46196.61,12756.06,6810.16
805,S-0058,2025-04-15,897,39897.07,11016.6,4332.07
806,S-0058,2025-04-16,897,39897.07,11016.6,4332.07
807,S-0058,2025-04-17,897,39897.07,11016.6,4332.07
808,S-0058,2025-04-18,944,41996.92,11596.42,4560.07
809,S-0058,2025-04-19,944,41996.92,11596.42,4560.07
810,S-0058,2025-04-20,1085,48296.45,13335.88,5244.09
811,S-0058,2025-04-21,1038,46196.61,12756.06,5016.08
812,S-0058,2025-04-22,897,39897.07,11016.6,4332.07
813,S-0059,2025-04-23,897,39897.07,11016.6,4332.07
814,S-0059,2025-04-24,897,39897.07,11016.6,4332.07
815,S-0059,2025-04-25,944,41996.92,11596.42,4560.07
816,S-0059,2025-04-26,944,41996.92,11596.42,4560.07
817,S-0059,2025-04-27,1085,48296.45,13335.88,5244.09
818,S-0059,2025-04-28,1038,46196.61,12756.06,5016.08
819,S-0059,2025-04-29,897,39897.07,11016.6,4332.07
820,S-0059,2025-04-30,897,39897.07,11016.63,4332.1
821,S-0059,2025-05-01,1077,49039.75,13371.67,5350.21
822,S-0059,2025-05-02,1134,51620.79,14075.44,5631.8
823,S-0059,2025-05-03,1134,51620.79,14075.44,5631.8
824,S-0059,2025-05-04,1304,59363.9,16186.76,6476.57
825,S-0059,2025-05-05,1247,56782.86,15482.99,6194.98
826,S-0059,2025-05-06,1077,49039.75,13371.67,5350.21
827,S-0060,2025-05-07,1077,49039.75,13371.67,5350.21
828,S-0060,2025-05-08,1077,49039.75,13371.67,5350.21
829,S-0060,2025-05-09,1134,51620.79,14075.44,5631.8
830,S-0060,2025-05-10,1134,51620.79,14075.44,5631.8
831,S-0060,2025-05-11,1304,59363.9,16186.76,6476.57
832,S-0060,2025-05-12,1247,56782.86,15482.99,6194.98
833,S-0060,2025-05-13,1077,49039.75,13371.67,5350.21
834,S-0060,2025-05-14,1077,49039.75,13371.67,5350.21
835,S-0060,2025-05-15,1077,49039.75,13371.67,5350.21
836,S-0060,2025-05-16,1134,51620.79,14075.44,5631.8
837,S-0060,2025-05-17,1134,51620.79,14075.44,5631.8
838,S-0060,2025-05-18,1304,59363.9,16186.76,6476.57
839,S-0060,2025-05-19,1247,56782.86,15482.99,6194.98
840,S-0060,2025-05-20,1077,49039.75,13371.67,5350.21
841,S-0061,2025-05-21,1077,49039.75,13371.67,5350.21
842,S-0061,2025-05-22,1077,49039.75,13371.67,5350.21
843,S-0061,2025-05-23,1134,51620.79,14075.44,5631.8
844,S-0061,2025-05-24,1134,51620.79,14075.44,5631.8
845,S-0061,2025-05-25,1304,59363.9,16186.76,6476.57
846,S-0061,2025-05-26,1247,56782.86,15482.99,6194.98
847,S-0061,2025-05-27,1077,49039.75,13371.67,5350.21
848,S-0061,2025-05-28,1077,49039.75,13371.67,5350.21
849,S-0061,2025-05-29,1077,49039.75,13371.67,5350.21
850,S-0061,2025-05-30,1134,51620.79,14075.44,5631.8
851,S-0061,2025-05-31,1134,51620.72,14075.51,5631.84
852,S-0061,2025-06-01,1762,78478.57,21775.08,8505.52
853,S-0061,2025-06-02,1686,75066.45,20828.34,8135.72
854,S-0061,2025-06-03,1456,64830.12,17988.11,7026.3
855,S-0062,2025-06-04,1456,64830.12,17988.11,7026.3
856,S-0062,2025-06-05,1456,64830.12,17988.11,7026.3
857,S-0062,2025-06-06,1532,68242.23,18934.85,7396.11
858,S-0062,2025-06-07,1532,68242.23,18934.85,7396.11
859,S-0062,2025-06-08,1762,78478.57,21775.08,8505.52
860,S-0062,2025-06-09,1686,75066.45,20828.34,8135.72
861,S-0062,2025-06-10,1456,64830.12,17988.11,7026.3
862,S-0062,2025-06-11,1456,64830.12,17988.11,7026.3
863,S-0062,2025-06-12,1456,64830.12,17988.11,7026.3
864,S-0062,2025-06-13,1532,68242.23,18934.85,7396.11
865,S-0062,2025-06-14,1532,68242.23,18934.85,7396.11
866,S-0062,2025-06-15,1762,78478.57,21775.08,8505.52
867,S-0062,2025-06-16,1686,75066.45,20828.34,8135.72
868,S-0062,2025-06-17,1456,64830.12,17988.11,7026.3
869,S-0063,2025-06-18,1456,64830.12,17988.11,7026.3
870,S-0063,2025-06-19,1456,64830.12,17988.11,7026.3
871,S-0063,2025-06-20,1532,68242.23,18934.85,7396.11
872,S-0063,2025-06-21,1532,68242.23,18934.85,7396.11
873,S-0063,2025-06-22,1762,78478.57,21775.08,8505.52
874,S-0063,2025-06-23,1686,75066.45,20828.34,8135.72
875,S-0063,2025-06-24,1456,64830.12,17988.11,7026.3
876,S-0063,2025-06-25,1456,64830.12,17988.11,7026.3
877,S-0063,2025-06-26,1456,64830.12,17988.11,7026.3
878,S-0063,2025-06-27,1532,68242.23,18934.85,7396.11
879,S-0063,2025-06-28,1532,68242.23,18934.85,7396.11
880,S-0063,2025-06-29,1762,78478.57,21775.08,8505.52
881,S-0063,2025-06-30,1686,75066.46,20828.34,8135.71
882,S-0063,2025-07-01,1460,64930.14,17505.25,7113.73
883,S-0064,2025-07-02,1460,64930.14,17505.25,7113.73
884,S-0064,2025-07-03,1460,64930.14,17505.25,7113.73
885,S-0064,2025-07-04,1537,68347.52,18426.58,7488.14
886,S-0064,2025-07-05,1537,68347.52,18426.58,7488.14
887,S-0064,2025-07-06,1767,78599.65,21190.57,8611.36
888,S-0064,2025-07-07,1691,75182.27,20269.24,8236.96
889,S-0064,2025-07-08,1460,64930.14,17505.25,7113.73
890,S-0064,2025-07-09,1460,64930.14,17505.25,7113.73
891,S-0064,2025-07-10,1460,64930.14,17505.25,7113.73
892,S-0064,2025-07-11,1537,68347.52,18426.58,7488.14
893,S-0064,2025-07-12,1537,68347.52,18426.58,7488.14
894,S-0064,2025-07-13,1767,78599.65,21190.57,8611.36
895,S-0064,2025-07-14,1691,75182.27,20269.24,8236.96
896,S-0064,2025-07-15,1460,64930.14,17505.25,7113.73
897,S-0065,2025-07-16,1460,64930.14,17505.25,7113.73
898,S-0065,2025-07-17,1460,64930.14,17505.25,7113.73
899,S-0065,2025-07-18,1537,68347.52,18426.58,7488.14
900,S-0065,2025-07-19,1537,68347.52,18426.58,7488.14
901,S-0065,2025-07-20,1767,78599.65,21190.57,8611.36
902,S-0065,2025-07-21,1691,75182.27,20269.24,8236.96
903,S-0065,2025-07-22,1460,64930.14,17505.25,7113.73
904,S-0065,2025-07-23,1460,64930.14,17505.25,7113.73
905,S-0065,2025-07-24,1460,64930.14,17505.25,7113.73
906,S-0065,2025-07-25,1537,68347.52,18426.58,7488.14
907,S-0065,2025-07-26,1537,68347.52,18426.58,7488.14
908,S-0065,2025-07-27,1767,78599.65,21190.57,8611.36
909,S-0065,2025-07-28,1691,75182.27,20269.24,8236.96
910,S-0065,2025-07-29,1460,64930.14,17505.25,7113.73
911,S-0066,2025-07-30,1460,64930.14,17505.25,7113.73
912,S-0066,2025-07-31,1460,64930.22,17505.24,7113.79
913,S-0066,2025-08-01,1582,71217.04,20040.0,7676.55
914,S-0066,2025-08-02,1582,71217.04,20040.0,7676.55
915,S-0066,2025-08-03,1819,81899.59,23046.01,8828.04
916,S-0066,2025-08-04,1740,78338.74,22044.0,8444.21
917,S-0066,2025-08-05,1503,67656.19,19038.0,7292.73
918,S-0066,2025-08-06,1503,67656.19,19038.0,7292.73
919,S-0066,2025-08-07,1503,67656.19,19038.0,7292.73
920,S-0066,2025-08-08,1582,71217.04,20040.0,7676.55
921,S-0066,2025-08-09,1582,71217.04,20040.0,7676.55
922,S-0066,2025-08-10,1819,81899.59,23046.01,8828.04
923,S-0066,2025-08-11,1740,78338.74,22044.0,8444.21
924,S-0066,2025-08-12,1503,67656.19,19038.0,7292.73
925,S-0067,2025-08-13,1503,67656.19,19038.0,7292.73
926,S-0067,2025-08-14,1503,67656.19,19038.0,7292.73
927,S-0067,2025-08-15,1582,71217.04,20040.0,7676.55
928,S-0067,2025-08-16,1582,71217.04,20040.0,7676.55
929,S-0067,2025-08-17,1819,81899.59,23046.01,8828.04
930,S-0067,2025-08-18,1740,78338.74,22044.0,8444.21
931,S-0067,2025-08-19,1503,67656.19,19038.0,7292.73
932,S-0067,2025-08-20,1503,67656.19,19038.0,7292.73
933,S-0067,2025-08-21,1503,67656.19,19038.0,7292.73
934,S-0067,2025-08-22,1582,71217.04,20040.0,7676.55
935,S-0067,2025-08-23,1582,71217.04,20040.0,7676.55
936,S-0067,2025-08-24,1819,81899.59,23046.01,8828.04
937,S-0067,2025-08-25,1740,78338.74,22044.0,8444.21
938,S-0067,2025-08-26,1503,67656.19,19038.0,7292.73
939,S-0068,2025-08-27,1503,67656.19,19038.0,7292.73
940,S-0068,2025-08-28,1503,67656.19,19038.0,7292.73
941,S-0068,2025-08-29,1582,71217.04,20040.0,7676.55
942,S-0068,2025-08-30,1582,71217.04,20040.0,7676.55
943,S-0068,2025-08-31,1819,81899.58,23046.1,8828.05
944,S-0068,2025-09-01,1575,71287.74,20110.49,7676.59
945,S-0068,2025-09-02,1360,61566.68,17368.15,6629.78
946,S-0068,2025-09-03,1360,61566.68,17368.15,6629.78
947,S-0068,2025-09-04,1360,61566.68,17368.15,6629.78
948,S-0068,2025-09-05,1432,64807.03,18282.26,6978.72
949,S-0068,2025-09-06,1432,64807.03,18282.26,6978.72
950,S-0068,2025-09-07,1647,74528.09,21024.6,8025.52
951,S-0068,2025-09-08,1575,71287.74,20110.49,7676.59
952,S-0068,2025-09-09,1360,61566.68,17368.15,6629.78
953,S-0069,2025-09-10,1360,61566.68,17368.15,6629.78
954,S-0069,2025-09-11,1360,61566.68,17368.15,6629.78
955,S-0069,2025-09-12,1432,64807.03,18282.26,6978.72
956,S-0069,2025-09-13,1432,64807.03,18282.26,6978.72
957,S-0069,2025-09-14,1647,74528.09,21024.6,8025.52
958,S-0069,2025-09-15,1575,71287.74,20110.49,7676.59
959,S-0069,2025-09-16,1360,61566.68,17368.15,6629.78
960,S-0069,2025-09-17,1360,61566.68,17368.15,6629.78
961,S-0069,2025-09-18,1360,61566.68,17368.15,6629.78
962,S-0069,2025-09-19,1432,64807.03,18282.26,6978.72
963,S-0069,2025-09-20,1432,64807.03,18282.26,6978.72
964,S-0069,2025-09-21,1647,74528.09,21024.6,8025.52
965,S-0069,2025-09-22,1575,71287.74,20110.49,7676.59
966,S-0069,2025-09-23,1360,61566.68,17368.15,6629.78
967,S-0070,2025-09-24,1360,61566.68,17368.15,6629.78
968,S-0070,2025-09-25,1360,61566.68,17368.15,6629.78
969,S-0070,2025-09-26,1432,64807.03,18282.26,6978.72
970,S-0070,2025-09-27,1432,64807.03,18282.26,6978.72
971,S-0070,2025-09-28,1647,74528.09,21024.6,8025.52
972,S-0070,2025-09-29,1575,71287.74,20110.49,7676.59
973,S-0070,2025-09-30,1360,61566.66,17368.1,6629.74
974,S-0070,2025-10-01,1335,60612.07,17098.34,6527.06
975,S-0070,2025-10-02,1335,60612.07,17098.34,6527.06
976,S-0070,2025-10-03,1405,63802.18,17998.25,6870.59
977,S-0070,2025-10-04,1405,63802.18,17998.25,6870.59
978,S-0070,2025-10-05,1616,73372.51,20697.99,7901.18
979,S-0070,2025-10-06,1546,70182.4,19798.08,7557.65
980,S-0070,2025-10-07,1335,60612.07,17098.34,6527.06
981,S-0071,2025-10-08,1335,60612.07,17098.34,6527.06
982,S-0071,2025-10-09,1335,60612.07,17098.34,6527.06
983,S-0071,2025-10-10,1405,63802.18,17998.25,6870.59
984,S-0071,2025-10-11,1405,63802.18,17998.25,6870.59
985,S-0071,2025-10-12,1616,73372.51,20697.99,7901.18
986,S-0071,2025-10-13,1546,70182.4,19798.08,7557.65
987,S-0071,2025-10-14,1335,60612.07,17098.34,6527.06
988,S-0071,2025-10-15,1335,60612.07,17098.34,6527.06
989,S-0071,2025-10-16,1335,60612.07,17098.34,6527.06
990,S-0071,2025-10-17,1405,63802.18,17998.25,6870.59
991,S-0071,2025-10-18,1405,63802.18,17998.25,6870.59
992,S-0071,2025-10-19,1616,73372.51,20697.99,7901.18
993,S-0071,2025-10-20,1546,70182.4,19798.08,7557.65
994,S-0071,2025-10-21,1335,60612.07,17098.34,6527.06
995,S-0072,2025-10-22,1335,60612.07,17098.34,6527.06
996,S-0072,2025-10-23,1335,60612.07,17098.34,6527.06
997,S-0072,2025-10-24,1405,63802.18,17998.25,6870.59
998,S-0072,2025-10-25,1405,63802.18,17998.25,6870.59
999,S-0072,2025-10-26,1616,73372.51,20697.99,7901.18
1000,S-0072,2025-10-27,1546,70182.4,19798.08,7557.65
1001,S-0072,2025-10-28,1335,60612.07,17098.34,6527.06
1002,S-0072,2025-10-29,1335,60612.07,17098.34,6527.06
1003,S-0072,2025-10-30,1335,60612.07,17098.34,6527.06
1004,S-0072,2025-10-31,1405,63802.22,17998.29,6870.56
1005,S-0072,2025-11-01,1632,72530.94,20630.9,7785.01
1006,S-0072,2025-11-02,1877,83410.58,23725.53,8952.76
1007,S-0072,2025-11-03,1795,79784.04,22693.99,8563.51
1008,S-0072,2025-11-04,1550,68904.4,19599.35,7395.76
1009,S-0073,2025-11-05,1550,68904.4,19599.35,7395.76
1010,S-0073,2025-11-06,1550,68904.4,19599.35,7395.76
1011,S-0073,2025-11-07,1632,72530.94,20630.9,7785.01
1012,S-0073,2025-11-08,1632,72530.94,20630.9,7785.01
1013,S-0073,2025-11-09,1877,83410.58,23725.53,8952.76
1014,S-0073,2025-11-10,1795,79784.04,22693.99,8563.51
1015,S-0073,2025-11-11,1550,68904.4,19599.35,7395.76
1016,S-0073,2025-11-12,1550,68904.4,19599.35,7395.76
1017,S-0073,2025-11-13,1550,68904.4,19599.35,7395.76
1018,S-0073,2025-11-14,1632,72530.94,20630.9,7785.01
1019,S-0073,2025-11-15,1632,72530.94,20630.9,7785.01
1020,S-0073,2025-11-16,1877,83410.58,23725.53,8952.76
1021,S-0073,2025-11-17,1795,79784.04,22693.99,8563.51
1022,S-0073,2025-11-18,1550,68904.4,19599.35,7395.76
1023,S-0074,2025-11-19,1550,68904.4,19599.35,7395.76
1024,S-0074,2025-11-20,1550,68904.4,19599.35,7395.76
1025,S-0074,2025-11-21,1632,72530.94,20630.9,7785.01
1026,S-0074,2025-11-22,1632,72530.94,20630.9,7785.01
1027,S-0074,2025-11-23,1877,83410.58,23725.53,8952.76
1028,S-0074,2025-11-24,1795,79784.04,22693.99,8563.51
1029,S-0074,2025-11-25,1550,68904.4,19599.35,7395.76
1030,S-0074,2025-11-26,1550,68904.4,19599.35,7395.76
1031,S-0074,2025-11-27,1550,68904.4,19599.35,7395.76
1032,S-0074,2025-11-28,4896,217592.83,61892.7,23355.02
1033,S-0074,2025-11-29,1632,72530.94,20630.9,7785.01
1034,S-0074,2025-11-30,1877,83410.57,23725.61,8952.66
1035,S-0074,2025-12-01,3951,177139.45,49865.38,19091.11
1036,S-0074,2025-12-02,1706,76492.04,21532.78,8243.89
1037,S-0075,2025-12-03,1706,76492.04,21532.78,8243.89
1038,S-0075,2025-12-04,1706,76492.04,21532.78,8243.89
1039,S-0075,2025-12-05,1796,80517.93,22666.08,8677.78
1040,S-0075,2025-12-06,1796,80517.93,22666.08,8677.78
1041,S-0075,2025-12-07,2065,92595.62,26066.0,9979.44
1042,S-0075,2025-12-08,1975,88569.73,24932.69,9545.56
1043,S-0075,2025-12-09,1706,76492.04,21532.78,8243.89
1044,S-0075,2025-12-10,1706,76492.04,21532.78,8243.89
1045,S-0075,2025-12-11,1706,76492.04,21532.78,8243.89
1046,S-0075,2025-12-12,1796,80517.93,22666.08,8677.78
1047,S-0075,2025-12-13,1796,80517.93,22666.08,8677.78
1048,S-0075,2025-12-14,2065,92595.62,26066.0,9979.44
1049,S-0075,2025-12-15,1975,88569.73,24932.69,9545.56
1050,S-0075,2025-12-16,1706,76492.04,21532.78,8243.89
1051,S-0076,2025-12-17,1706,76492.04,21532.78,8243.89
1052,S-0076,2025-12-18,1706,76492.04,21532.78,8243.89
1053,S-0076,2025-12-19,1796,80517.93,22666.08,8677.78
1054,S-0076,2025-12-20,1796,80517.93,22666.08,8677.78
1055,S-0076,2025-12-21,2065,92595.62,26066.0,9979.44
1056,S-0076,2025-12-22,1975,88569.73,24932.69,9545.56
1057,S-0076,2025-12-23,1706,76492.04,21532.78,8243.89
1058,S-0076,2025-12-24,1706,76492.04,21532.78,8243.89
1059,S-0076,2025-12-25,512,22947.61,6459.83,2473.17
1060,S-0076,2025-12-26,3232,144932.28,40798.95,15620.0
1061,S-0076,2025-12-27,1796,80517.93,22666.08,8677.78
1062,S-0076,2025-12-28,2065,92595.62,26066.0,9979.44
1063,S-0076,2025-12-29,1975,88569.73,24932.69,9545.56
1064,S-0076,2025-12-30,1706,76492.04,21532.78,8243.89
1065,S-0077,2025-12-31,1706,76492.02,21532.79,8243.85
1066,S-0077,2026-01-01,1425,63776.69,17851.15,6888.83
1067,S-0077,2026-01-02,1500,67133.36,18790.68,7251.4
1068,S-0077,2026-01-03,1500,67133.36,18790.68,7251.4
1069,S-0077,2026-01-04,1725,77203.36,21609.28,8339.11
1070,S-0077,2026-01-05,1650,73846.69,20669.75,7976.54
1071,S-0077,2026-01-06,1425,63776.69,17851.15,6888.83
1072,S-0077,2026-01-07,1425,63776.69,17851.15,6888.83
1073,S-0077,2026-01-08,1425,63776.69,17851.15,6888.83
1074,S-0077,2026-01-09,1500,67133.36,18790.68,7251.4
1075,S-0077,2026-01-10,1500,67133.36,18790.68,7251.4
1076,S-0077,2026-01-11,1725,77203.36,21609.28,8339.11
1077,S-0077,2026-01-12,1650,73846.69,20669.75,7976.54
1078,S-0077,2026-01-13,1425,63776.69,17851.15,6888.83
1079,S-0078,2026-01-14,1425,63776.69,17851.15,6888.83
1080,S-0078,2026-01-15,1425,63776.69,17851.15,6888.83
1081,S-0078,2026-01-16,1500,67133.36,18790.68,7251.4
1082,S-0078,2026-01-17,1500,67133.36,18790.68,7251.4
1083,S-0078,2026-01-18,1725,77203.36,21609.28,8339.11
1084,S-0078,2026-01-19,1650,73846.69,20669.75,7976.54
1085,S-0078,2026-01-20,1425,63776.69,17851.15,6888.83
1086,S-0078,2026-01-21,1425,63776.69,17851.15,6888.83
1087,S-0078,2026-01-22,1425,63776.69,17851.15,6888.83
1088,S-0078,2026-01-23,1500,67133.36,18790.68,7251.4
1089,S-0078,2026-01-24,1500,67133.36,18790.68,7251.4
1090,S-0078,2026-01-25,1725,77203.36,21609.28,8339.11
1091,S-0078,2026-01-26,1650,73846.69,20669.75,7976.54
1092,S-0078,2026-01-27,1425,63776.69,17851.15,6888.83
1093,S-0079,2026-01-28,1425,63776.69,17851.15,6888.83
1094,S-0079,2026-01-29,1425,63776.69,17851.15,6888.83
1095,S-0079,2026-01-30,1500,67133.36,18790.68,7251.4
1096,S-0079,2026-01-31,1500,67133.33,18790.6,7251.45
