period,department,gross_pay,employer_ni,pension,total_cost
2023-02,Warehouse,174843.86,17881.76,5960.59,198686.21
2023-02,Customer service,77708.38,7947.45,2649.15,88304.98
2023-02,Head office,135989.68,13908.03,4636.01,154533.72
2023-03,Warehouse,172961.67,17689.26,5896.42,196547.35
2023-03,Customer service,76871.86,7861.89,2620.63,87354.38
2023-03,Head office,134525.74,13758.31,4586.1,152870.15
2023-04,Warehouse,179245.77,18331.95,6110.65,203688.37
2023-04,Customer service,79664.79,8147.53,2715.84,90528.16
2023-04,Head office,139413.37,14258.19,4752.73,158424.29
2023-05,Warehouse,186055.97,19028.45,6342.82,211427.24
2023-05,Customer service,82691.54,8457.09,2819.03,93967.66
2023-05,Head office,144710.2,14799.91,4933.3,164443.41
2023-06,Warehouse,181338.82,18546.01,6182.0,206066.83
2023-06,Customer service,80595.03,8242.67,2747.56,91585.26
2023-06,Head office,141041.29,14424.68,4808.23,160274.2
2023-07,Warehouse,193406.54,19780.22,6593.41,219780.17
2023-07,Customer service,85958.47,8791.21,2930.4,97680.08
2023-07,Head office,150427.32,15384.61,5128.2,170940.13
2023-08,Warehouse,187425.48,19168.51,6389.51,212983.5
2023-08,Customer service,83300.21,8519.34,2839.78,94659.33
2023-08,Head office,145775.38,14908.84,4969.61,165653.83
2023-09,Warehouse,188754.53,19304.44,6434.81,214493.78
2023-09,Customer service,83890.9,8579.75,2859.92,95330.57
2023-09,Head office,146809.09,15014.56,5004.85,166828.5
2023-10,Warehouse,177459.88,18149.31,6049.77,201658.96
2023-10,Customer service,78871.06,8066.36,2688.79,89626.21
2023-10,Head office,138024.35,14116.13,4705.38,156845.86
2023-11,Warehouse,192749.99,19713.07,6571.02,219034.08
2023-11,Customer service,85666.67,8761.36,2920.45,97348.48
2023-11,Head office,149916.65,15332.39,5110.8,170359.84
2023-12,Warehouse,195998.4,20045.29,6681.76,222725.45
2023-12,Customer service,87110.4,8909.02,2969.67,98989.09
2023-12,Head office,152443.19,15590.78,5196.93,173230.9
2024-01,Warehouse,182184.01,18632.46,6210.82,207027.29
2024-01,Customer service,80970.68,8281.09,2760.36,92012.13
2024-01,Head office,141698.67,14491.91,4830.64,161021.22
2024-02,Warehouse,189802.74,19411.64,6470.55,215684.93
2024-02,Customer service,84356.77,8627.4,2875.8,95859.97
2024-02,Head office,147624.35,15097.94,5032.65,167754.94
2024-03,Warehouse,196071.1,20052.73,6684.24,222808.07
2024-03,Customer service,87142.72,8912.32,2970.77,99025.81
2024-03,Head office,152499.74,15596.57,5198.86,173295.17
2024-04,Warehouse,196745.99,20121.75,6707.25,223574.99
2024-04,Customer service,87442.66,8943.0,2981.0,99366.66
2024-04,Head office,153024.67,15650.25,5216.75,173891.67
2024-05,Warehouse,201746.3,20633.14,6877.71,229257.15
2024-05,Customer service,89665.02,9170.29,3056.76,101892.07
2024-05,Head office,156913.79,16048.0,5349.33,178311.12
2024-06,Warehouse,201614.14,20619.63,6873.21,229106.98
2024-06,Customer service,89606.28,9164.28,3054.76,101825.32
2024-06,Head office,156811.0,16037.49,5345.83,178194.32
2024-07,Warehouse,206906.48,21160.89,7053.63,235121.0
2024-07,Customer service,91958.43,9404.84,3134.95,104498.22
2024-07,Head office,160927.27,16458.47,5486.16,182871.9
2024-08,Warehouse,206199.27,21088.56,7029.52,234317.35
2024-08,Customer service,91644.12,9372.69,3124.23,104141.04
2024-08,Head office,160377.22,16402.21,5467.4,182246.83
2024-09,Warehouse,210739.63,21552.92,7184.31,239476.86
2024-09,Customer service,93662.07,9579.07,3193.02,106434.16
2024-09,Head office,163908.62,16763.38,5587.79,186259.79
2024-10,Warehouse,196583.56,20105.14,6701.71,223390.41
2024-10,Customer service,87370.47,8935.62,2978.54,99284.63
2024-10,Head office,152898.33,15637.33,5212.44,173748.1
2024-11,Warehouse,209316.13,21407.33,7135.78,237859.24
2024-11,Customer service,93029.39,9514.37,3171.46,105715.22
2024-11,Head office,162801.44,16650.15,5550.05,185001.64
2024-12,Warehouse,210571.43,21535.71,7178.57,239285.71
2024-12,Customer service,93587.3,9571.43,3190.48,106349.21
2024-12,Head office,163777.78,16750.0,5583.33,186111.11
2025-01,Warehouse,202117.3,20671.09,6890.36,229678.75
2025-01,Customer service,89829.92,9187.15,3062.38,102079.45
2025-01,Head office,157202.35,16077.51,5359.17,178639.03
2025-02,Warehouse,210289.03,21506.83,7168.94,238964.8
2025-02,Customer service,93461.79,9558.59,3186.2,106206.58
2025-02,Head office,163558.12,16727.54,5575.85,185861.51
2025-03,Warehouse,206898.88,21160.11,7053.37,235112.36
2025-03,Customer service,91955.06,9404.49,3134.83,104494.38
2025-03,Head office,160921.35,16457.86,5485.95,182865.16
2025-04,Warehouse,212725.99,21756.07,7252.02,241734.08
2025-04,Customer service,94544.89,9669.36,3223.12,107437.37
2025-04,Head office,165453.54,16921.39,5640.46,188015.39
2025-05,Warehouse,224744.48,22985.23,7661.74,255391.45
2025-05,Customer service,99886.43,10215.66,3405.22,113507.31
2025-05,Head office,174801.27,17877.4,5959.13,198637.8
2025-06,Warehouse,225839.95,23097.27,7699.09,256636.31
2025-06,Customer service,100373.31,10265.45,3421.82,114060.58
2025-06,Head office,175653.3,17964.54,5988.18,199606.02
2025-07,Warehouse,223384.66,22846.16,7615.39,253846.21
2025-07,Customer service,99282.07,10153.85,3384.62,112820.54
2025-07,Head office,173743.63,17769.23,5923.08,197435.94
2025-08,Warehouse,230291.9,23552.58,7850.86,261695.34
2025-08,Customer service,102351.96,10467.81,3489.27,116309.04
2025-08,Head office,179115.94,18318.67,6106.22,203540.83
2025-09,Warehouse,224922.89,23003.48,7667.83,255594.2
2025-09,Customer service,99965.73,10223.77,3407.92,113597.42
2025-09,Head office,174940.04,17891.59,5963.86,198795.49
2025-10,Warehouse,226990.68,23214.96,7738.32,257943.96
2025-10,Customer service,100884.75,10317.76,3439.25,114641.76
2025-10,Head office,176548.32,18056.08,6018.69,200623.09
2025-11,Warehouse,238514.49,24393.53,8131.18,271039.2
2025-11,Customer service,106006.44,10841.57,3613.86,120461.87
2025-11,Head office,185511.28,18972.74,6324.25,210808.27
2025-12,Warehouse,239593.85,24503.92,8167.97,272265.74
2025-12,Customer service,106486.15,10890.63,3630.21,121006.99
2025-12,Head office,186350.77,19058.6,6352.87,211762.24
2026-01,Warehouse,224903.65,23001.51,7667.17,255572.33
2026-01,Customer service,99957.18,10222.89,3407.63,113587.7
2026-01,Head office,174925.07,17890.06,5963.35,198778.48
