period,channel,cost_of_goods_dispatched
2023-02,Website,722052.51
2023-02,Marketplace,303442.29
2023-03,Website,852905.55
2023-03,Marketplace,380245.57
2023-04,Website,861186.6
2023-04,Marketplace,401775.89
2023-05,Website,987196.58
2023-05,Marketplace,486251.03
2023-06,Website,1149600.26
2023-06,Marketplace,501749.68
2023-07,Website,1234491.27
2023-07,Marketplace,512894.77
2023-08,Website,1294417.9
2023-08,Marketplace,551191.37
2023-09,Website,1143381.16
2023-09,Marketplace,515319.68
2023-10,Website,1116922.45
2023-10,Marketplace,455022.49
2023-11,Website,1341177.48
2023-11,Marketplace,607223.27
2023-12,Website,1480032.7
2023-12,Marketplace,613535.11
2024-01,Website,1195521.39
2024-01,Marketplace,509742.08
2024-02,Website,808992.82
2024-02,Marketplace,343794.2
2024-03,Website,968066.74
2024-03,Marketplace,422856.46
2024-04,Website,923160.66
2024-04,Marketplace,424335.37
2024-05,Website,1150773.39
2024-05,Marketplace,527818.54
2024-06,Website,1252022.27
2024-06,Marketplace,550524.85
2024-07,Website,1374638.83
2024-07,Marketplace,569315.6
2024-08,Website,1426800.44
2024-08,Marketplace,603586.62
2024-09,Website,1317582.81
2024-09,Marketplace,561210.33
2024-10,Website,1205191.71
2024-10,Marketplace,504609.81
2024-11,Website,1456421.89
2024-11,Marketplace,668083.67
2024-12,Website,1617860.71
2024-12,Marketplace,670178.84
2025-01,Website,1303130.71
2025-01,Marketplace,573533.83
2025-02,Website,970548.68
2025-02,Marketplace,383693.81
2025-03,Website,1046072.78
2025-03,Marketplace,436006.19
2025-04,Website,1051967.37
2025-04,Marketplace,449272.0
2025-05,Website,1271370.64
2025-05,Marketplace,576198.68
2025-06,Website,1524153.76
2025-06,Marketplace,726695.69
2025-07,Website,1463823.64
2025-07,Marketplace,758138.73
2025-08,Website,1579652.75
2025-08,Marketplace,782010.26
2025-09,Website,1333547.01
2025-09,Marketplace,692745.85
2025-10,Website,1217410.59
2025-10,Marketplace,693072.76
2025-11,Website,1524282.0
2025-11,Marketplace,821248.35
2025-12,Website,1644341.53
2025-12,Marketplace,927224.89
2026-01,Website,1541713.47
2026-01,Marketplace,801797.74
