date,orders,gross_sales,refunds
2023-02-01,1127,67763.29,19733.01
2023-02-02,1127,67763.29,19733.01
2023-02-03,1186,71329.77,20771.59
2023-02-04,1186,71329.77,20771.59
2023-02-05,1364,82029.24,23887.33
2023-02-06,1305,78462.75,22848.75
2023-02-07,1127,67763.29,19733.01
2023-02-08,1127,67763.29,19733.01
2023-02-09,1127,67763.29,19733.01
2023-02-10,1186,71329.77,20771.59
2023-02-11,1186,71329.77,20771.59
2023-02-12,1364,82029.24,23887.33
2023-02-13,1305,78462.75,22848.75
2023-02-14,1127,67763.29,19733.01
2023-02-15,1127,67763.29,19733.01
2023-02-16,1127,67763.29,19733.01
2023-02-17,1186,71329.77,20771.59
2023-02-18,1186,71329.77,20771.59
2023-02-19,1364,82029.24,23887.33
2023-02-20,1305,78462.75,22848.75
2023-02-21,1127,67763.29,19733.01
2023-02-22,1127,67763.29,19733.01
2023-02-23,1127,67763.29,19733.01
2023-02-24,1186,71329.77,20771.59
2023-02-25,1186,71329.77,20771.59
2023-02-26,1364,82029.24,23887.33
2023-02-27,1305,78462.75,22848.75
2023-02-28,1127,67763.27,19732.93
2023-03-01,1178,77229.1,21360.18
2023-03-02,1178,77229.1,21360.18
2023-03-03,1240,81293.79,22484.4
2023-03-04,1240,81293.79,22484.4
2023-03-05,1426,93487.85,25857.06
2023-03-06,1364,89423.16,24732.84
2023-03-07,1178,77229.1,21360.18
2023-03-08,1178,77229.1,21360.18
2023-03-09,1178,77229.1,21360.18
2023-03-10,1240,81293.79,22484.4
2023-03-11,1240,81293.79,22484.4
2023-03-12,1426,93487.85,25857.06
2023-03-13,1364,89423.16,24732.84
2023-03-14,1178,77229.1,21360.18
2023-03-15,1178,77229.1,21360.18
2023-03-16,1178,77229.1,21360.18
2023-03-17,1240,81293.79,22484.4
2023-03-18,1240,81293.79,22484.4
2023-03-19,1426,93487.85,25857.06
2023-03-20,1364,89423.16,24732.84
2023-03-21,1178,77229.1,21360.18
2023-03-22,1178,77229.1,21360.18
2023-03-23,1178,77229.1,21360.18
2023-03-24,1240,81293.79,22484.4
2023-03-25,1240,81293.79,22484.4
2023-03-26,1426,93487.85,25857.06
2023-03-27,1364,89423.16,24732.84
2023-03-28,1178,77229.1,21360.18
2023-03-29,1178,77229.1,21360.18
2023-03-30,1178,77229.1,21360.18
2023-03-31,1240,81293.75,22484.34
2023-04-01,1314,80302.02,22479.81
2023-04-02,1511,92347.32,25851.79
2023-04-03,1445,88332.22,24727.8
2023-04-04,1248,76286.92,21355.82
2023-04-05,1248,76286.92,21355.82
2023-04-06,1248,76286.92,21355.82
2023-04-07,1314,80302.02,22479.81
2023-04-08,1314,80302.02,22479.81
2023-04-09,1511,92347.32,25851.79
2023-04-10,1445,88332.22,24727.8
2023-04-11,1248,76286.92,21355.82
2023-04-12,1248,76286.92,21355.82
2023-04-13,1248,76286.92,21355.82
2023-04-14,1314,80302.02,22479.81
2023-04-15,1314,80302.02,22479.81
2023-04-16,1511,92347.32,25851.79
2023-04-17,1445,88332.22,24727.8
2023-04-18,1248,76286.92,21355.82
2023-04-19,1248,76286.92,21355.82
2023-04-20,1248,76286.92,21355.82
2023-04-21,1314,80302.02,22479.81
2023-04-22,1314,80302.02,22479.81
2023-04-23,1511,92347.32,25851.79
2023-04-24,1445,88332.22,24727.8
2023-04-25,1248,76286.92,21355.82
2023-04-26,1248,76286.92,21355.82
2023-04-27,1248,76286.92,21355.82
2023-04-28,1314,80302.02,22479.81
2023-04-29,1314,80302.02,22479.81
2023-04-30,1511,92347.25,25851.82
2023-05-01,1765,102303.9,28013.64
2023-05-02,1524,88353.37,24193.6
2023-05-03,1524,88353.37,24193.6
2023-05-04,1524,88353.37,24193.6
2023-05-05,1604,93003.55,25466.95
2023-05-06,1604,93003.55,25466.95
2023-05-07,1845,106954.08,29286.99
2023-05-08,1765,102303.9,28013.64
2023-05-09,1524,88353.37,24193.6
2023-05-10,1524,88353.37,24193.6
2023-05-11,1524,88353.37,24193.6
2023-05-12,1604,93003.55,25466.95
2023-05-13,1604,93003.55,25466.95
2023-05-14,1845,106954.08,29286.99
2023-05-15,1765,102303.9,28013.64
2023-05-16,1524,88353.37,24193.6
2023-05-17,1524,88353.37,24193.6
2023-05-18,1524,88353.37,24193.6
2023-05-19,1604,93003.55,25466.95
2023-05-20,1604,93003.55,25466.95
2023-05-21,1845,106954.08,29286.99
2023-05-22,1765,102303.9,28013.64
2023-05-23,1524,88353.37,24193.6
2023-05-24,1524,88353.37,24193.6
2023-05-25,1524,88353.37,24193.6
2023-05-26,1604,93003.55,25466.95
2023-05-27,1604,93003.55,25466.95
2023-05-28,1845,106954.08,29286.99
2023-05-29,1765,102303.9,28013.64
2023-05-30,1524,88353.37,24193.6
2023-05-31,1524,88353.31,24193.62
2023-06-01,1641,96320.09,27894.35
2023-06-02,1728,101389.57,29362.47
2023-06-03,1728,101389.57,29362.47
2023-06-04,1987,116598.0,33766.84
2023-06-05,1900,111528.52,32298.72
2023-06-06,1641,96320.09,27894.35
2023-06-07,1641,96320.09,27894.35
2023-06-08,1641,96320.09,27894.35
2023-06-09,1728,101389.57,29362.47
2023-06-10,1728,101389.57,29362.47
2023-06-11,1987,116598.0,33766.84
2023-06-12,1900,111528.52,32298.72
2023-06-13,1641,96320.09,27894.35
2023-06-14,1641,96320.09,27894.35
2023-06-15,1641,96320.09,27894.35
2023-06-16,1728,101389.57,29362.47
2023-06-17,1728,101389.57,29362.47
2023-06-18,1987,116598.0,33766.84
2023-06-19,1900,111528.52,32298.72
2023-06-20,1641,96320.09,27894.35
2023-06-21,1641,96320.09,27894.35
2023-06-22,1641,96320.09,27894.35
2023-06-23,1728,101389.57,29362.47
2023-06-24,1728,101389.57,29362.47
2023-06-25,1987,116598.0,33766.84
2023-06-26,1900,111528.52,32298.72
2023-06-27,1641,96320.09,27894.35
2023-06-28,1641,96320.09,27894.35
2023-06-29,1641,96320.09,27894.35
2023-06-30,1728,101389.56,29362.42
2023-07-01,1830,111084.91,31445.47
2023-07-02,2105,127747.64,36162.29
2023-07-03,2013,122193.4,34590.01
2023-07-04,1739,105530.66,29873.19
2023-07-05,1739,105530.66,29873.19
2023-07-06,1739,105530.66,29873.19
2023-07-07,1830,111084.91,31445.47
2023-07-08,1830,111084.91,31445.47
2023-07-09,2105,127747.64,36162.29
2023-07-10,2013,122193.4,34590.01
2023-07-11,1739,105530.66,29873.19
2023-07-12,1739,105530.66,29873.19
2023-07-13,1739,105530.66,29873.19
2023-07-14,1830,111084.91,31445.47
2023-07-15,1830,111084.91,31445.47
2023-07-16,2105,127747.64,36162.29
2023-07-17,2013,122193.4,34590.01
2023-07-18,1739,105530.66,29873.19
2023-07-19,1739,105530.66,29873.19
2023-07-20,1739,105530.66,29873.19
2023-07-21,1830,111084.91,31445.47
2023-07-22,1830,111084.91,31445.47
2023-07-23,2105,127747.64,36162.29
2023-07-24,2013,122193.4,34590.01
2023-07-25,1739,105530.66,29873.19
2023-07-26,1739,105530.66,29873.19
2023-07-27,1739,105530.66,29873.19
2023-07-28,1830,111084.91,31445.47
2023-07-29,1830,111084.91,31445.47
2023-07-30,2105,127747.64,36162.29
2023-07-31,2013,122193.4,34590.01
2023-08-01,1842,110994.32,32762.5
2023-08-02,1842,110994.32,32762.5
2023-08-03,1842,110994.32,32762.5
2023-08-04,1939,116836.13,34486.84
2023-08-05,1939,116836.13,34486.84
2023-08-06,2230,134361.55,39659.87
2023-08-07,2133,128519.74,37935.52
2023-08-08,1842,110994.32,32762.5
2023-08-09,1842,110994.32,32762.5
2023-08-10,1842,110994.32,32762.5
2023-08-11,1939,116836.13,34486.84
2023-08-12,1939,116836.13,34486.84
2023-08-13,2230,134361.55,39659.87
2023-08-14,2133,128519.74,37935.52
2023-08-15,1842,110994.32,32762.5
2023-08-16,1842,110994.32,32762.5
2023-08-17,1842,110994.32,32762.5
2023-08-18,1939,116836.13,34486.84
2023-08-19,1939,116836.13,34486.84
2023-08-20,2230,134361.55,39659.87
2023-08-21,2133,128519.74,37935.52
2023-08-22,1842,110994.32,32762.5
2023-08-23,1842,110994.32,32762.5
2023-08-24,1842,110994.32,32762.5
2023-08-25,1939,116836.13,34486.84
2023-08-26,1939,116836.13,34486.84
2023-08-27,2230,134361.55,39659.87
2023-08-28,2133,128519.74,37935.52
2023-08-29,1842,110994.32,32762.5
2023-08-30,1842,110994.32,32762.5
2023-08-31,1843,110994.41,32762.47
2023-09-01,1798,109704.22,31297.19
2023-09-02,1798,109704.22,31297.19
2023-09-03,2067,126159.85,35991.77
2023-09-04,1977,120674.64,34426.91
2023-09-05,1708,104219.01,29732.33
2023-09-06,1708,104219.01,29732.33
2023-09-07,1708,104219.01,29732.33
2023-09-08,1798,109704.22,31297.19
2023-09-09,1798,109704.22,31297.19
2023-09-10,2067,126159.85,35991.77
2023-09-11,1977,120674.64,34426.91
2023-09-12,1708,104219.01,29732.33
2023-09-13,1708,104219.01,29732.33
2023-09-14,1708,104219.01,29732.33
2023-09-15,1798,109704.22,31297.19
2023-09-16,1798,109704.22,31297.19
2023-09-17,2067,126159.85,35991.77
2023-09-18,1977,120674.64,34426.91
2023-09-19,1708,104219.01,29732.33
2023-09-20,1708,104219.01,29732.33
2023-09-21,1708,104219.01,29732.33
2023-09-22,1798,109704.22,31297.19
2023-09-23,1798,109704.22,31297.19
2023-09-24,2067,126159.85,35991.77
2023-09-25,1977,120674.64,34426.91
2023-09-26,1708,104219.01,29732.33
2023-09-27,1708,104219.01,29732.33
2023-09-28,1708,104219.01,29732.33
2023-09-29,1798,109704.22,31297.19
2023-09-30,1797,109704.2,31297.22
2023-10-01,1896,112175.62,32124.06
2023-10-02,1814,107298.42,30727.36
2023-10-03,1566,92666.82,26537.26
2023-10-04,1566,92666.82,26537.26
2023-10-05,1566,92666.82,26537.26
2023-10-06,1649,97544.02,27933.96
2023-10-07,1649,97544.02,27933.96
2023-10-08,1896,112175.62,32124.06
2023-10-09,1814,107298.42,30727.36
2023-10-10,1566,92666.82,26537.26
2023-10-11,1566,92666.82,26537.26
2023-10-12,1566,92666.82,26537.26
2023-10-13,1649,97544.02,27933.96
2023-10-14,1649,97544.02,27933.96
2023-10-15,1896,112175.62,32124.06
2023-10-16,1814,107298.42,30727.36
2023-10-17,1566,92666.82,26537.26
2023-10-18,1566,92666.82,26537.26
2023-10-19,1566,92666.82,26537.26
2023-10-20,1649,97544.02,27933.96
2023-10-21,1649,97544.02,27933.96
2023-10-22,1896,112175.62,32124.06
2023-10-23,1814,107298.42,30727.36
2023-10-24,1566,92666.82,26537.26
2023-10-25,1566,92666.82,26537.26
2023-10-26,1566,92666.82,26537.26
2023-10-27,1649,97544.02,27933.96
2023-10-28,1649,97544.02,27933.96
2023-10-29,1896,112175.62,32124.06
2023-10-30,1814,107298.42,30727.36
2023-10-31,1567,92666.73,26537.31
2023-11-01,1814,114164.21,32649.59
2023-11-02,1814,114164.21,32649.59
2023-11-03,1910,120172.85,34367.99
2023-11-04,1910,120172.85,34367.99
2023-11-05,2196,138198.78,39523.19
2023-11-06,2101,132190.13,37804.79
2023-11-07,1814,114164.21,32649.59
2023-11-08,1814,114164.21,32649.59
2023-11-09,1814,114164.21,32649.59
2023-11-10,1910,120172.85,34367.99
2023-11-11,1910,120172.85,34367.99
2023-11-12,2196,138198.78,39523.19
2023-11-13,2101,132190.13,37804.79
2023-11-14,1814,114164.21,32649.59
2023-11-15,1814,114164.21,32649.59
2023-11-16,1814,114164.21,32649.59
2023-11-17,1910,120172.85,34367.99
2023-11-18,1910,120172.85,34367.99
2023-11-19,2196,138198.78,39523.19
2023-11-20,2101,132190.13,37804.79
2023-11-21,1814,114164.21,32649.59
2023-11-22,1814,114164.21,32649.59
2023-11-23,1814,114164.21,32649.59
2023-11-24,5729,360518.55,103103.97
2023-11-25,1910,120172.85,34367.99
2023-11-26,2196,138198.78,39523.19
2023-11-27,4201,264380.27,75609.58
2023-11-28,1814,114164.21,32649.59
2023-11-29,1814,114164.21,32649.59
2023-11-30,1814,114164.15,32649.58
2023-12-01,2133,137972.08,38019.69
2023-12-02,2133,137972.08,38019.69
2023-12-03,2453,158667.89,43722.65
2023-12-04,2347,151769.28,41821.66
2023-12-05,2027,131073.47,36118.71
2023-12-06,2027,131073.47,36118.71
2023-12-07,2027,131073.47,36118.71
2023-12-08,2133,137972.08,38019.69
2023-12-09,2133,137972.08,38019.69
2023-12-10,2453,158667.89,43722.65
2023-12-11,2347,151769.28,41821.66
2023-12-12,2027,131073.47,36118.71
2023-12-13,2027,131073.47,36118.71
2023-12-14,2027,131073.47,36118.71
2023-12-15,2133,137972.08,38019.69
2023-12-16,2133,137972.08,38019.69
2023-12-17,2453,158667.89,43722.65
2023-12-18,2347,151769.28,41821.66
2023-12-19,2027,131073.47,36118.71
2023-12-20,2027,131073.47,36118.71
2023-12-21,2027,131073.47,36118.71
2023-12-22,2133,137972.08,38019.69
2023-12-23,2133,137972.08,38019.69
2023-12-24,2453,158667.89,43722.65
2023-12-25,704,45530.79,12546.5
2023-12-26,3648,235932.25,65013.67
2023-12-27,2027,131073.47,36118.71
2023-12-28,2027,131073.47,36118.71
2023-12-29,2133,137972.08,38019.69
2023-12-30,2133,137972.08,38019.69
2023-12-31,2453,158667.86,43722.65
2024-01-01,1814,118182.09,32494.67
2024-01-02,1567,102066.35,28063.57
2024-01-03,1567,102066.35,28063.57
2024-01-04,1567,102066.35,28063.57
2024-01-05,1649,107438.27,29540.61
2024-01-06,1649,107438.27,29540.61
2024-01-07,1896,123554.01,33971.7
2024-01-08,1814,118182.09,32494.67
2024-01-09,1567,102066.35,28063.57
2024-01-10,1567,102066.35,28063.57
2024-01-11,1567,102066.35,28063.57
2024-01-12,1649,107438.27,29540.61
2024-01-13,1649,107438.27,29540.61
2024-01-14,1896,123554.01,33971.7
2024-01-15,1814,118182.09,32494.67
2024-01-16,1567,102066.35,28063.57
2024-01-17,1567,102066.35,28063.57
2024-01-18,1567,102066.35,28063.57
2024-01-19,1649,107438.27,29540.61
2024-01-20,1649,107438.27,29540.61
2024-01-21,1896,123554.01,33971.7
2024-01-22,1814,118182.09,32494.67
2024-01-23,1567,102066.35,28063.57
2024-01-24,1567,102066.35,28063.57
2024-01-25,1567,102066.35,28063.57
2024-01-26,1649,107438.27,29540.61
2024-01-27,1649,107438.27,29540.61
2024-01-28,1896,123554.01,33971.7
2024-01-29,1814,118182.09,32494.67
2024-01-30,1567,102066.35,28063.57
2024-01-31,1567,102066.35,28063.56
2024-02-01,1210,74928.78,20868.5
2024-02-02,1274,78872.4,21966.85
2024-02-03,1274,78872.4,21966.85
2024-02-04,1465,90703.27,25261.87
2024-02-05,1401,86759.64,24163.53
2024-02-06,1210,74928.78,20868.5
2024-02-07,1210,74928.78,20868.5
2024-02-08,1210,74928.78,20868.5
2024-02-09,1274,78872.4,21966.85
2024-02-10,1274,78872.4,21966.85
2024-02-11,1465,90703.27,25261.87
2024-02-12,1401,86759.64,24163.53
2024-02-13,1210,74928.78,20868.5
2024-02-14,1210,74928.78,20868.5
2024-02-15,1210,74928.78,20868.5
2024-02-16,1274,78872.4,21966.85
2024-02-17,1274,78872.4,21966.85
2024-02-18,1465,90703.27,25261.87
2024-02-19,1401,86759.64,24163.53
2024-02-20,1210,74928.78,20868.5
2024-02-21,1210,74928.78,20868.5
2024-02-22,1210,74928.78,20868.5
2024-02-23,1274,78872.4,21966.85
2024-02-24,1274,78872.4,21966.85
2024-02-25,1465,90703.27,25261.87
2024-02-26,1401,86759.64,24163.53
2024-02-27,1210,74928.78,20868.5
2024-02-28,1210,74928.78,20868.5
2024-02-29,1210,74928.87,20868.51
2024-03-01,1405,87452.46,24778.77
2024-03-02,1405,87452.46,24778.77
2024-03-03,1616,100570.33,28495.58
2024-03-04,1546,96197.71,27256.64
2024-03-05,1335,83079.84,23539.83
2024-03-06,1335,83079.84,23539.83
2024-03-07,1335,83079.84,23539.83
2024-03-08,1405,87452.46,24778.77
2024-03-09,1405,87452.46,24778.77
2024-03-10,1616,100570.33,28495.58
2024-03-11,1546,96197.71,27256.64
2024-03-12,1335,83079.84,23539.83
2024-03-13,1335,83079.84,23539.83
2024-03-14,1335,83079.84,23539.83
2024-03-15,1405,87452.46,24778.77
2024-03-16,1405,87452.46,24778.77
2024-03-17,1616,100570.33,28495.58
2024-03-18,1546,96197.71,27256.64
2024-03-19,1335,83079.84,23539.83
2024-03-20,1335,83079.84,23539.83
2024-03-21,1335,83079.84,23539.83
2024-03-22,1405,87452.46,24778.77
2024-03-23,1405,87452.46,24778.77
2024-03-24,1616,100570.33,28495.58
2024-03-25,1546,96197.71,27256.64
2024-03-26,1335,83079.84,23539.83
2024-03-27,1335,83079.84,23539.83
2024-03-28,1335,83079.84,23539.83
2024-03-29,1405,87452.46,24778.77
2024-03-30,1405,87452.46,24778.77
2024-03-31,1616,100570.4,28495.56
2024-04-01,1549,96530.38,27508.02
2024-04-02,1338,83367.14,23756.93
2024-04-03,1338,83367.14,23756.93
2024-04-04,1338,83367.14,23756.93
2024-04-05,1408,87754.89,25007.29
2024-04-06,1408,87754.89,25007.29
2024-04-07,1620,100918.12,28758.39
2024-04-08,1549,96530.38,27508.02
2024-04-09,1338,83367.14,23756.93
2024-04-10,1338,83367.14,23756.93
2024-04-11,1338,83367.14,23756.93
2024-04-12,1408,87754.89,25007.29
2024-04-13,1408,87754.89,25007.29
2024-04-14,1620,100918.12,28758.39
2024-04-15,1549,96530.38,27508.02
2024-04-16,1338,83367.14,23756.93
2024-04-17,1338,83367.14,23756.93
2024-04-18,1338,83367.14,23756.93
2024-04-19,1408,87754.89,25007.29
2024-04-20,1408,87754.89,25007.29
2024-04-21,1620,100918.12,28758.39
2024-04-22,1549,96530.38,27508.02
2024-04-23,1338,83367.14,23756.93
2024-04-24,1338,83367.14,23756.93
2024-04-25,1338,83367.14,23756.93
2024-04-26,1408,87754.89,25007.29
2024-04-27,1408,87754.89,25007.29
2024-04-28,1620,100918.12,28758.39
2024-04-29,1549,96530.38,27508.02
2024-04-30,1338,83367.16,23756.89
2024-05-01,1579,97572.62,26300.33
2024-05-02,1579,97572.62,26300.33
2024-05-03,1662,102708.03,27684.55
2024-05-04,1662,102708.03,27684.55
2024-05-05,1911,118114.23,31837.24
2024-05-06,1828,112978.83,30453.01
2024-05-07,1579,97572.62,26300.33
2024-05-08,1579,97572.62,26300.33
2024-05-09,1579,97572.62,26300.33
2024-05-10,1662,102708.03,27684.55
2024-05-11,1662,102708.03,27684.55
2024-05-12,1911,118114.23,31837.24
2024-05-13,1828,112978.83,30453.01
2024-05-14,1579,97572.62,26300.33
2024-05-15,1579,97572.62,26300.33
2024-05-16,1579,97572.62,26300.33
2024-05-17,1662,102708.03,27684.55
2024-05-18,1662,102708.03,27684.55
2024-05-19,1911,118114.23,31837.24
2024-05-20,1828,112978.83,30453.01
2024-05-21,1579,97572.62,26300.33
2024-05-22,1579,97572.62,26300.33
2024-05-23,1579,97572.62,26300.33
2024-05-24,1662,102708.03,27684.55
2024-05-25,1662,102708.03,27684.55
2024-05-26,1911,118114.23,31837.24
2024-05-27,1828,112978.83,30453.01
2024-05-28,1579,97572.62,26300.33
2024-05-29,1579,97572.62,26300.33
2024-05-30,1579,97572.62,26300.33
2024-05-31,1662,102708.04,27684.5
2024-06-01,1869,116642.92,32690.8
2024-06-02,2149,134139.36,37594.42
2024-06-03,2056,128307.22,35959.88
2024-06-04,1775,110810.78,31056.26
2024-06-05,1775,110810.78,31056.26
2024-06-06,1775,110810.78,31056.26
2024-06-07,1869,116642.92,32690.8
2024-06-08,1869,116642.92,32690.8
2024-06-09,2149,134139.36,37594.42
2024-06-10,2056,128307.22,35959.88
2024-06-11,1775,110810.78,31056.26
2024-06-12,1775,110810.78,31056.26
2024-06-13,1775,110810.78,31056.26
2024-06-14,1869,116642.92,32690.8
2024-06-15,1869,116642.92,32690.8
2024-06-16,2149,134139.36,37594.42
2024-06-17,2056,128307.22,35959.88
2024-06-18,1775,110810.78,31056.26
2024-06-19,1775,110810.78,31056.26
2024-06-20,1775,110810.78,31056.26
2024-06-21,1869,116642.92,32690.8
2024-06-22,1869,116642.92,32690.8
2024-06-23,2149,134139.36,37594.42
2024-06-24,2056,128307.22,35959.88
2024-06-25,1775,110810.78,31056.26
2024-06-26,1775,110810.78,31056.26
2024-06-27,1775,110810.78,31056.26
2024-06-28,1869,116642.92,32690.8
2024-06-29,1869,116642.92,32690.8
2024-06-30,2149,134139.35,37594.33
2024-07-01,2172,136210.11,38544.64
2024-07-02,1875,117636.01,33288.55
2024-07-03,1875,117636.01,33288.55
2024-07-04,1875,117636.01,33288.55
2024-07-05,1974,123827.38,35040.58
2024-07-06,1974,123827.38,35040.58
2024-07-07,2270,142401.48,40296.67
2024-07-08,2172,136210.11,38544.64
2024-07-09,1875,117636.01,33288.55
2024-07-10,1875,117636.01,33288.55
2024-07-11,1875,117636.01,33288.55
2024-07-12,1974,123827.38,35040.58
2024-07-13,1974,123827.38,35040.58
2024-07-14,2270,142401.48,40296.67
2024-07-15,2172,136210.11,38544.64
2024-07-16,1875,117636.01,33288.55
2024-07-17,1875,117636.01,33288.55
2024-07-18,1875,117636.01,33288.55
2024-07-19,1974,123827.38,35040.58
2024-07-20,1974,123827.38,35040.58
2024-07-21,2270,142401.48,40296.67
2024-07-22,2172,136210.11,38544.64
2024-07-23,1875,117636.01,33288.55
2024-07-24,1875,117636.01,33288.55
2024-07-25,1875,117636.01,33288.55
2024-07-26,1974,123827.38,35040.58
2024-07-27,1974,123827.38,35040.58
2024-07-28,2270,142401.48,40296.67
2024-07-29,2172,136210.11,38544.64
2024-07-30,1875,117636.01,33288.55
2024-07-31,1875,117636.0,33288.5
2024-08-01,1965,121884.29,34685.36
2024-08-02,2068,128299.25,36510.91
2024-08-03,2068,128299.25,36510.91
2024-08-04,2378,147544.14,41987.55
2024-08-05,2275,141129.18,40162.0
2024-08-06,1965,121884.29,34685.36
2024-08-07,1965,121884.29,34685.36
2024-08-08,1965,121884.29,34685.36
2024-08-09,2068,128299.25,36510.91
2024-08-10,2068,128299.25,36510.91
2024-08-11,2378,147544.14,41987.55
2024-08-12,2275,141129.18,40162.0
2024-08-13,1965,121884.29,34685.36
2024-08-14,1965,121884.29,34685.36
2024-08-15,1965,121884.29,34685.36
2024-08-16,2068,128299.25,36510.91
2024-08-17,2068,128299.25,36510.91
2024-08-18,2378,147544.14,41987.55
2024-08-19,2275,141129.18,40162.0
2024-08-20,1965,121884.29,34685.36
2024-08-21,1965,121884.29,34685.36
2024-08-22,1965,121884.29,34685.36
2024-08-23,2068,128299.25,36510.91
2024-08-24,2068,128299.25,36510.91
2024-08-25,2378,147544.14,41987.55
2024-08-26,2275,141129.18,40162.0
2024-08-27,1965,121884.29,34685.36
2024-08-28,1965,121884.29,34685.36
2024-08-29,1965,121884.29,34685.36
2024-08-30,2068,128299.25,36510.91
2024-08-31,2068,128299.19,36510.96
2024-09-01,2215,140686.46,40406.21
2024-09-02,2118,134569.66,38649.42
2024-09-03,1829,116219.25,33379.05
2024-09-04,1829,116219.25,33379.05
2024-09-05,1829,116219.25,33379.05
2024-09-06,1926,122336.05,35135.84
2024-09-07,1926,122336.05,35135.84
2024-09-08,2215,140686.46,40406.21
2024-09-09,2118,134569.66,38649.42
2024-09-10,1829,116219.25,33379.05
2024-09-11,1829,116219.25,33379.05
2024-09-12,1829,116219.25,33379.05
2024-09-13,1926,122336.05,35135.84
2024-09-14,1926,122336.05,35135.84
2024-09-15,2215,140686.46,40406.21
2024-09-16,2118,134569.66,38649.42
2024-09-17,1829,116219.25,33379.05
2024-09-18,1829,116219.25,33379.05
2024-09-19,1829,116219.25,33379.05
2024-09-20,1926,122336.05,35135.84
2024-09-21,1926,122336.05,35135.84
2024-09-22,2215,140686.46,40406.21
2024-09-23,2118,134569.66,38649.42
2024-09-24,1829,116219.25,33379.05
2024-09-25,1829,116219.25,33379.05
2024-09-26,1829,116219.25,33379.05
2024-09-27,1926,122336.05,35135.84
2024-09-28,1926,122336.05,35135.84
2024-09-29,2215,140686.46,40406.21
2024-09-30,2118,134569.63,38649.39
2024-10-01,1711,104819.17,30032.73
2024-10-02,1711,104819.17,30032.73
2024-10-03,1711,104819.17,30032.73
2024-10-04,1801,110335.97,31613.4
2024-10-05,1801,110335.97,31613.4
2024-10-06,2072,126886.37,36355.41
2024-10-07,1982,121369.57,34774.74
2024-10-08,1711,104819.17,30032.73
2024-10-09,1711,104819.17,30032.73
2024-10-10,1711,104819.17,30032.73
2024-10-11,1801,110335.97,31613.4
2024-10-12,1801,110335.97,31613.4
2024-10-13,2072,126886.37,36355.41
2024-10-14,1982,121369.57,34774.74
2024-10-15,1711,104819.17,30032.73
2024-10-16,1711,104819.17,30032.73
2024-10-17,1711,104819.17,30032.73
2024-10-18,1801,110335.97,31613.4
2024-10-19,1801,110335.97,31613.4
2024-10-20,2072,126886.37,36355.41
2024-10-21,1982,121369.57,34774.74
2024-10-22,1711,104819.17,30032.73
2024-10-23,1711,104819.17,30032.73
2024-10-24,1711,104819.17,30032.73
2024-10-25,1801,110335.97,31613.4
2024-10-26,1801,110335.97,31613.4
2024-10-27,2072,126886.37,36355.41
2024-10-28,1982,121369.57,34774.74
2024-10-29,1711,104819.17,30032.73
2024-10-30,1711,104819.17,30032.73
2024-10-31,1711,104819.19,30032.84
2024-11-01,2112,130205.01,37515.01
2024-11-02,2112,130205.01,37515.01
2024-11-03,2428,149735.76,43142.26
2024-11-04,2323,143225.51,41266.51
2024-11-05,2006,123694.76,35639.26
2024-11-06,2006,123694.76,35639.26
2024-11-07,2006,123694.76,35639.26
2024-11-08,2112,130205.01,37515.01
2024-11-09,2112,130205.01,37515.01
2024-11-10,2428,149735.76,43142.26
2024-11-11,2323,143225.51,41266.51
2024-11-12,2006,123694.76,35639.26
2024-11-13,2006,123694.76,35639.26
2024-11-14,2006,123694.76,35639.26
2024-11-15,2112,130205.01,37515.01
2024-11-16,2112,130205.01,37515.01
2024-11-17,2428,149735.76,43142.26
2024-11-18,2323,143225.51,41266.51
2024-11-19,2006,123694.76,35639.26
2024-11-20,2006,123694.76,35639.26
2024-11-21,2006,123694.76,35639.26
2024-11-22,2112,130205.01,37515.01
2024-11-23,2112,130205.01,37515.01
2024-11-24,2428,149735.76,43142.26
2024-11-25,2323,143225.51,41266.51
2024-11-26,2006,123694.76,35639.26
2024-11-27,2006,123694.76,35639.26
2024-11-28,2006,123694.76,35639.26
2024-11-29,6335,390615.02,112545.03
2024-11-30,2112,130204.91,37515.0
2024-12-01,2610,163109.99,45879.12
2024-12-02,4992,312036.51,87768.75
2024-12-03,2156,134743.04,37900.14
2024-12-04,2156,134743.04,37900.14
2024-12-05,2156,134743.04,37900.14
2024-12-06,2269,141834.78,39894.89
2024-12-07,2269,141834.78,39894.89
2024-12-08,2610,163109.99,45879.12
2024-12-09,2496,156018.26,43884.38
2024-12-10,2156,134743.04,37900.14
2024-12-11,2156,134743.04,37900.14
2024-12-12,2156,134743.04,37900.14
2024-12-13,2269,141834.78,39894.89
2024-12-14,2269,141834.78,39894.89
2024-12-15,2610,163109.99,45879.12
2024-12-16,2496,156018.26,43884.38
2024-12-17,2156,134743.04,37900.14
2024-12-18,2156,134743.04,37900.14
2024-12-19,2156,134743.04,37900.14
2024-12-20,2269,141834.78,39894.89
2024-12-21,2269,141834.78,39894.89
2024-12-22,2610,163109.99,45879.12
2024-12-23,2496,156018.26,43884.38
2024-12-24,2156,134743.04,37900.14
2024-12-25,647,40422.91,11370.04
2024-12-26,3880,242537.47,68220.26
2024-12-27,2269,141834.78,39894.89
2024-12-28,2269,141834.78,39894.89
2024-12-29,2610,163109.99,45879.12
2024-12-30,2496,156018.26,43884.38
2024-12-31,2156,134743.01,37900.16
2025-01-01,1789,110723.31,30850.56
2025-01-02,1789,110723.31,30850.56
2025-01-03,1883,116550.85,32474.27
2025-01-04,1883,116550.85,32474.27
2025-01-05,2166,134033.48,37345.42
2025-01-06,2071,128205.93,35721.7
2025-01-07,1789,110723.31,30850.56
2025-01-08,1789,110723.31,30850.56
2025-01-09,1789,110723.31,30850.56
2025-01-10,1883,116550.85,32474.27
2025-01-11,1883,116550.85,32474.27
2025-01-12,2166,134033.48,37345.42
2025-01-13,2071,128205.93,35721.7
2025-01-14,1789,110723.31,30850.56
2025-01-15,1789,110723.31,30850.56
2025-01-16,1789,110723.31,30850.56
2025-01-17,1883,116550.85,32474.27
2025-01-18,1883,116550.85,32474.27
2025-01-19,2166,134033.48,37345.42
2025-01-20,2071,128205.93,35721.7
2025-01-21,1789,110723.31,30850.56
2025-01-22,1789,110723.31,30850.56
2025-01-23,1789,110723.31,30850.56
2025-01-24,1883,116550.85,32474.27
2025-01-25,1883,116550.85,32474.27
2025-01-26,2166,134033.48,37345.42
2025-01-27,2071,128205.93,35721.7
2025-01-28,1789,110723.31,30850.56
2025-01-29,1789,110723.31,30850.56
2025-01-30,1789,110723.31,30850.56
2025-01-31,1883,116550.77,32474.32
2025-02-01,1534,95896.62,26094.66
2025-02-02,1765,110281.11,30008.86
2025-02-03,1688,105486.28,28704.13
2025-02-04,1458,91101.79,24789.93
2025-02-05,1458,91101.79,24789.93
2025-02-06,1458,91101.79,24789.93
2025-02-07,1534,95896.62,26094.66
2025-02-08,1534,95896.62,26094.66
2025-02-09,1765,110281.11,30008.86
2025-02-10,1688,105486.28,28704.13
2025-02-11,1458,91101.79,24789.93
2025-02-12,1458,91101.79,24789.93
2025-02-13,1458,91101.79,24789.93
2025-02-14,1534,95896.62,26094.66
2025-02-15,1534,95896.62,26094.66
2025-02-16,1765,110281.11,30008.86
2025-02-17,1688,105486.28,28704.13
2025-02-18,1458,91101.79,24789.93
2025-02-19,1458,91101.79,24789.93
2025-02-20,1458,91101.79,24789.93
2025-02-21,1534,95896.62,26094.66
2025-02-22,1534,95896.62,26094.66
2025-02-23,1765,110281.11,30008.86
2025-02-24,1688,105486.28,28704.13
2025-02-25,1458,91101.79,24789.93
2025-02-26,1458,91101.79,24789.93
2025-02-27,1458,91101.79,24789.93
2025-02-28,1534,95896.67,26094.63
2025-03-01,1517,93366.9,26451.9
2025-03-02,1745,107371.94,30419.68
2025-03-03,1669,102703.59,29097.09
2025-03-04,1442,88698.56,25129.3
2025-03-05,1442,88698.56,25129.3
2025-03-06,1442,88698.56,25129.3
2025-03-07,1517,93366.9,26451.9
2025-03-08,1517,93366.9,26451.9
2025-03-09,1745,107371.94,30419.68
2025-03-10,1669,102703.59,29097.09
2025-03-11,1442,88698.56,25129.3
2025-03-12,1442,88698.56,25129.3
2025-03-13,1442,88698.56,25129.3
2025-03-14,1517,93366.9,26451.9
2025-03-15,1517,93366.9,26451.9
2025-03-16,1745,107371.94,30419.68
2025-03-17,1669,102703.59,29097.09
2025-03-18,1442,88698.56,25129.3
2025-03-19,1442,88698.56,25129.3
2025-03-20,1442,88698.56,25129.3
2025-03-21,1517,93366.9,26451.9
2025-03-22,1517,93366.9,26451.9
2025-03-23,1745,107371.94,30419.68
2025-03-24,1669,102703.59,29097.09
2025-03-25,1442,88698.56,25129.3
2025-03-26,1442,88698.56,25129.3
2025-03-27,1442,88698.56,25129.3
2025-03-28,1517,93366.9,26451.9
2025-03-29,1517,93366.9,26451.9
2025-03-30,1745,107371.94,30419.68
2025-03-31,1669,102703.6,29097.06
2025-04-01,1554,95068.12,26850.68
2025-04-02,1554,95068.12,26850.68
2025-04-03,1554,95068.12,26850.68
2025-04-04,1636,100071.71,28263.87
2025-04-05,1636,100071.71,28263.87
2025-04-06,1881,115082.46,32503.45
2025-04-07,1799,110078.88,31090.26
2025-04-08,1554,95068.12,26850.68
2025-04-09,1554,95068.12,26850.68
2025-04-10,1554,95068.12,26850.68
2025-04-11,1636,100071.71,28263.87
2025-04-12,1636,100071.71,28263.87
2025-04-13,1881,115082.46,32503.45
2025-04-14,1799,110078.88,31090.26
2025-04-15,1554,95068.12,26850.68
2025-04-16,1554,95068.12,26850.68
2025-04-17,1554,95068.12,26850.68
2025-04-18,1636,100071.71,28263.87
2025-04-19,1636,100071.71,28263.87
2025-04-20,1881,115082.46,32503.45
2025-04-21,1799,110078.88,31090.26
2025-04-22,1554,95068.12,26850.68
2025-04-23,1554,95068.12,26850.68
2025-04-24,1554,95068.12,26850.68
2025-04-25,1636,100071.71,28263.87
2025-04-26,1636,100071.71,28263.87
2025-04-27,1881,115082.46,32503.45
2025-04-28,1799,110078.88,31090.26
2025-04-29,1554,95068.12,26850.68
2025-04-30,1554,95068.15,26850.6
2025-05-01,1733,108051.14,30147.63
2025-05-02,1824,113738.04,31734.35
2025-05-03,1824,113738.04,31734.35
2025-05-04,2098,130798.74,36494.5
2025-05-05,2006,125111.84,34907.78
2025-05-06,1733,108051.14,30147.63
2025-05-07,1733,108051.14,30147.63
2025-05-08,1733,108051.14,30147.63
2025-05-09,1824,113738.04,31734.35
2025-05-10,1824,113738.04,31734.35
2025-05-11,2098,130798.74,36494.5
2025-05-12,2006,125111.84,34907.78
2025-05-13,1733,108051.14,30147.63
2025-05-14,1733,108051.14,30147.63
2025-05-15,1733,108051.14,30147.63
2025-05-16,1824,113738.04,31734.35
2025-05-17,1824,113738.04,31734.35
2025-05-18,2098,130798.74,36494.5
2025-05-19,2006,125111.84,34907.78
2025-05-20,1733,108051.14,30147.63
2025-05-21,1733,108051.14,30147.63
2025-05-22,1733,108051.14,30147.63
2025-05-23,1824,113738.04,31734.35
2025-05-24,1824,113738.04,31734.35
2025-05-25,2098,130798.74,36494.5
2025-05-26,2006,125111.84,34907.78
2025-05-27,1733,108051.14,30147.63
2025-05-28,1733,108051.14,30147.63
2025-05-29,1733,108051.14,30147.63
2025-05-30,1824,113738.04,31734.35
2025-05-31,1824,113737.96,31734.27
2025-06-01,2581,159528.88,46068.8
2025-06-02,2468,152592.84,44065.81
2025-06-03,2132,131784.72,38056.83
2025-06-04,2132,131784.72,38056.83
2025-06-05,2132,131784.72,38056.83
2025-06-06,2244,138720.76,40059.82
2025-06-07,2244,138720.76,40059.82
2025-06-08,2581,159528.88,46068.8
2025-06-09,2468,152592.84,44065.81
2025-06-10,2132,131784.72,38056.83
2025-06-11,2132,131784.72,38056.83
2025-06-12,2132,131784.72,38056.83
2025-06-13,2244,138720.76,40059.82
2025-06-14,2244,138720.76,40059.82
2025-06-15,2581,159528.88,46068.8
2025-06-16,2468,152592.84,44065.81
2025-06-17,2132,131784.72,38056.83
2025-06-18,2132,131784.72,38056.83
2025-06-19,2132,131784.72,38056.83
2025-06-20,2244,138720.76,40059.82
2025-06-21,2244,138720.76,40059.82
2025-06-22,2581,159528.88,46068.8
2025-06-23,2468,152592.84,44065.81
2025-06-24,2132,131784.72,38056.83
2025-06-25,2132,131784.72,38056.83
2025-06-26,2132,131784.72,38056.83
2025-06-27,2244,138720.76,40059.82
2025-06-28,2244,138720.76,40059.82
2025-06-29,2581,159528.88,46068.8
2025-06-30,2468,152592.87,44065.83
2025-07-01,2036,127603.78,35799.7
2025-07-02,2036,127603.78,35799.7
2025-07-03,2036,127603.78,35799.7
2025-07-04,2143,134319.76,37683.9
2025-07-05,2143,134319.76,37683.9
2025-07-06,2465,154467.73,43336.48
2025-07-07,2358,147751.74,41452.29
2025-07-08,2036,127603.78,35799.7
2025-07-09,2036,127603.78,35799.7
2025-07-10,2036,127603.78,35799.7
2025-07-11,2143,134319.76,37683.9
2025-07-12,2143,134319.76,37683.9
2025-07-13,2465,154467.73,43336.48
2025-07-14,2358,147751.74,41452.29
2025-07-15,2036,127603.78,35799.7
2025-07-16,2036,127603.78,35799.7
2025-07-17,2036,127603.78,35799.7
2025-07-18,2143,134319.76,37683.9
2025-07-19,2143,134319.76,37683.9
2025-07-20,2465,154467.73,43336.48
2025-07-21,2358,147751.74,41452.29
2025-07-22,2036,127603.78,35799.7
2025-07-23,2036,127603.78,35799.7
2025-07-24,2036,127603.78,35799.7
2025-07-25,2143,134319.76,37683.9
2025-07-26,2143,134319.76,37683.9
2025-07-27,2465,154467.73,43336.48
2025-07-28,2358,147751.74,41452.29
2025-07-29,2036,127603.78,35799.7
2025-07-30,2036,127603.78,35799.7
2025-07-31,2036,127603.74,35799.72
2025-08-01,2282,141307.9,39685.32
2025-08-02,2282,141307.9,39685.32
2025-08-03,2624,162504.09,45638.12
2025-08-04,2510,155438.69,43653.86
2025-08-05,2167,134242.51,37701.06
2025-08-06,2167,134242.51,37701.06
2025-08-07,2167,134242.51,37701.06
2025-08-08,2282,141307.9,39685.32
2025-08-09,2282,141307.9,39685.32
2025-08-10,2624,162504.09,45638.12
2025-08-11,2510,155438.69,43653.86
2025-08-12,2167,134242.51,37701.06
2025-08-13,2167,134242.51,37701.06
2025-08-14,2167,134242.51,37701.06
2025-08-15,2282,141307.9,39685.32
2025-08-16,2282,141307.9,39685.32
2025-08-17,2624,162504.09,45638.12
2025-08-18,2510,155438.69,43653.86
2025-08-19,2167,134242.51,37701.06
2025-08-20,2167,134242.51,37701.06
2025-08-21,2167,134242.51,37701.06
2025-08-22,2282,141307.9,39685.32
2025-08-23,2282,141307.9,39685.32
2025-08-24,2624,162504.09,45638.12
2025-08-25,2510,155438.69,43653.86
2025-08-26,2167,134242.51,37701.06
2025-08-27,2167,134242.51,37701.06
2025-08-28,2167,134242.51,37701.06
2025-08-29,2282,141307.9,39685.32
2025-08-30,2282,141307.9,39685.32
2025-08-31,2624,162504.05,45638.1
2025-09-01,2255,138960.69,39801.2
2025-09-02,1947,120011.51,34373.77
2025-09-03,1947,120011.51,34373.77
2025-09-04,1947,120011.51,34373.77
2025-09-05,2050,126327.9,36182.91
2025-09-06,2050,126327.9,36182.91
2025-09-07,2357,145277.09,41610.35
2025-09-08,2255,138960.69,39801.2
2025-09-09,1947,120011.51,34373.77
2025-09-10,1947,120011.51,34373.77
2025-09-11,1947,120011.51,34373.77
2025-09-12,2050,126327.9,36182.91
2025-09-13,2050,126327.9,36182.91
2025-09-14,2357,145277.09,41610.35
2025-09-15,2255,138960.69,39801.2
2025-09-16,1947,120011.51,34373.77
2025-09-17,1947,120011.51,34373.77
2025-09-18,1947,120011.51,34373.77
2025-09-19,2050,126327.9,36182.91
2025-09-20,2050,126327.9,36182.91
2025-09-21,2357,145277.09,41610.35
2025-09-22,2255,138960.69,39801.2
2025-09-23,1947,120011.51,34373.77
2025-09-24,1947,120011.51,34373.77
2025-09-25,1947,120011.51,34373.77
2025-09-26,2050,126327.9,36182.91
2025-09-27,2050,126327.9,36182.91
2025-09-28,2357,145277.09,41610.35
2025-09-29,2255,138960.69,39801.2
2025-09-30,1947,120011.53,34373.8
2025-10-01,1709,106103.56,29891.15
2025-10-02,1709,106103.56,29891.15
2025-10-03,1799,111687.95,31464.36
2025-10-04,1799,111687.95,31464.36
2025-10-05,2069,128441.15,36184.02
2025-10-06,1979,122856.75,34610.8
2025-10-07,1709,106103.56,29891.15
2025-10-08,1709,106103.56,29891.15
2025-10-09,1709,106103.56,29891.15
2025-10-10,1799,111687.95,31464.36
2025-10-11,1799,111687.95,31464.36
2025-10-12,2069,128441.15,36184.02
2025-10-13,1979,122856.75,34610.8
2025-10-14,1709,106103.56,29891.15
2025-10-15,1709,106103.56,29891.15
2025-10-16,1709,106103.56,29891.15
2025-10-17,1799,111687.95,31464.36
2025-10-18,1799,111687.95,31464.36
2025-10-19,2069,128441.15,36184.02
2025-10-20,1979,122856.75,34610.8
2025-10-21,1709,106103.56,29891.15
2025-10-22,1709,106103.56,29891.15
2025-10-23,1709,106103.56,29891.15
2025-10-24,1799,111687.95,31464.36
2025-10-25,1799,111687.95,31464.36
2025-10-26,2069,128441.15,36184.02
2025-10-27,1979,122856.75,34610.8
2025-10-28,1709,106103.56,29891.15
2025-10-29,1709,106103.56,29891.15
2025-10-30,1709,106103.56,29891.15
2025-10-31,1799,111687.92,31464.36
2025-11-01,2162,134023.69,37850.82
2025-11-02,2487,154127.25,43528.44
2025-11-03,2378,147426.06,41635.9
2025-11-04,2054,127322.51,35958.27
2025-11-05,2054,127322.51,35958.27
2025-11-06,2054,127322.51,35958.27
2025-11-07,2162,134023.69,37850.82
2025-11-08,2162,134023.69,37850.82
2025-11-09,2487,154127.25,43528.44
2025-11-10,2378,147426.06,41635.9
2025-11-11,2054,127322.51,35958.27
2025-11-12,2054,127322.51,35958.27
2025-11-13,2054,127322.51,35958.27
2025-11-14,2162,134023.69,37850.82
2025-11-15,2162,134023.69,37850.82
2025-11-16,2487,154127.25,43528.44
2025-11-17,2378,147426.06,41635.9
2025-11-18,2054,127322.51,35958.27
2025-11-19,2054,127322.51,35958.27
2025-11-20,2054,127322.51,35958.27
2025-11-21,2162,134023.69,37850.82
2025-11-22,2162,134023.69,37850.82
2025-11-23,2487,154127.25,43528.44
2025-11-24,2378,147426.06,41635.9
2025-11-25,2054,127322.51,35958.27
2025-11-26,2054,127322.51,35958.27
2025-11-27,2054,127322.51,35958.27
2025-11-28,6487,402071.08,113552.45
2025-11-29,2162,134023.69,37850.82
2025-11-30,2487,154127.3,43528.43
2025-12-01,5047,311946.93,86705.34
2025-12-02,2179,134704.36,37440.94
2025-12-03,2179,134704.36,37440.94
2025-12-04,2179,134704.36,37440.94
2025-12-05,2294,141794.06,39411.52
2025-12-06,2294,141794.06,39411.52
2025-12-07,2638,163063.17,45323.25
2025-12-08,2523,155973.47,43352.67
2025-12-09,2179,134704.36,37440.94
2025-12-10,2179,134704.36,37440.94
2025-12-11,2179,134704.36,37440.94
2025-12-12,2294,141794.06,39411.52
2025-12-13,2294,141794.06,39411.52
2025-12-14,2638,163063.17,45323.25
2025-12-15,2523,155973.47,43352.67
2025-12-16,2179,134704.36,37440.94
2025-12-17,2179,134704.36,37440.94
2025-12-18,2179,134704.36,37440.94
2025-12-19,2294,141794.06,39411.52
2025-12-20,2294,141794.06,39411.52
2025-12-21,2638,163063.17,45323.25
2025-12-22,2523,155973.47,43352.67
2025-12-23,2179,134704.36,37440.94
2025-12-24,2179,134704.36,37440.94
2025-12-25,654,40411.31,11232.28
2025-12-26,4129,255229.31,70940.74
2025-12-27,2294,141794.06,39411.52
2025-12-28,2638,163063.17,45323.25
2025-12-29,2523,155973.47,43352.67
2025-12-30,2179,134704.36,37440.94
2025-12-31,2179,134704.27,37441.01
2026-01-01,1992,122358.51,33841.54
2026-01-02,2097,128798.43,35622.67
2026-01-03,2097,128798.43,35622.67
2026-01-04,2411,148118.19,40966.08
2026-01-05,2306,141678.27,39184.94
2026-01-06,1992,122358.51,33841.54
2026-01-07,1992,122358.51,33841.54
2026-01-08,1992,122358.51,33841.54
2026-01-09,2097,128798.43,35622.67
2026-01-10,2097,128798.43,35622.67
2026-01-11,2411,148118.19,40966.08
2026-01-12,2306,141678.27,39184.94
2026-01-13,1992,122358.51,33841.54
2026-01-14,1992,122358.51,33841.54
2026-01-15,1992,122358.51,33841.54
2026-01-16,2097,128798.43,35622.67
2026-01-17,2097,128798.43,35622.67
2026-01-18,2411,148118.19,40966.08
2026-01-19,2306,141678.27,39184.94
2026-01-20,1992,122358.51,33841.54
2026-01-21,1992,122358.51,33841.54
2026-01-22,1992,122358.51,33841.54
2026-01-23,2097,128798.43,35622.67
2026-01-24,2097,128798.43,35622.67
2026-01-25,2411,148118.19,40966.08
2026-01-26,2306,141678.27,39184.94
2026-01-27,1992,122358.51,33841.54
2026-01-28,1992,122358.51,33841.54
2026-01-29,1992,122358.51,33841.54
2026-01-30,2097,128798.43,35622.67
2026-01-31,2097,128798.35,35622.7
